V3: Original respondent number,V10: Feeling of happiness,V11: State of health (subjective),V5: Friends important,V22: How satisfied are you with your life,V29: Membership of environmental organization,"V123: The world is better off, or worse off, because of science an",V237: Age,V255: Size of town,V259: Weight
1,1,1,1,10,0,3,87,2,0.279999
2,1,1,1,8,0,8,58,2,0.375598
3,1,1,2,10,0,5,62,2,0.225799
4,3,2,2,10,0,3,69,2,0.190699
5,2,2,1,8,2,8,53,2,0.225799
6,2,3,2,6,0,5,69,8,1.621093
7,2,1,1,8,0,9,68,8,2.004991
8,2,2,2,8,0,5,32,8,2.045991
9,2,2,1,7,0,8,66,8,2.004991
10,2,2,1,8,0,6,47,8,1.899091
11,2,3,1,8,0,6,47,8,1.899091
12,2,1,3,8,0,8,47,8,1.695492
13,2,4,2,6,0,6,50,8,1.628893
14,1,2,2,8,2,1,58,7,1.693892
15,3,1,1,4,0,8,34,7,1.895691
16,2,2,1,8,0,7,33,7,2.045991
17,2,4,1,8,0,4,48,7,1.695492
18,2,2,1,4,0,4,49,7,1.695492
19,3,4,1,7,0,6,43,7,1.695492
20,2,3,1,4,1,4,50,5,0.737497
21,2,3,2,5,0,10,35,5,0.607697
22,3,2,2,6,0,7,35,5,0.607697
23,2,3,2,7,0,6,55,5,0.737497
24,2,1,2,5,0,6,27,5,0.458198
25,2,3,1,5,0,8,45,5,0.607697
26,1,1,1,7,0,7,36,5,0.607697
27,1,2,1,5,0,8,53,2,0.225799
28,1,2,2,8,0,7,45,1,0.784196
29,1,1,1,10,0,6,71,1,0.559897
30,2,2,1,10,0,10,80,1,0.842796
31,1,1,3,7,0,9,20,1,1.264294
32,1,1,1,8,0,9,48,1,0.784196
33,1,2,2,9,0,9,53,1,1.474093
34,2,3,1,7,0,7,69,1,0.559897
35,1,2,2,8,0,9,28,5,1.563193
36,2,3,1,7,0,7,43,5,0.968196
37,2,2,1,7,0,5,19,4,0.555398
38,1,2,1,9,0,8,37,5,0.607697
39,1,2,1,9,0,8,66,5,1.028695
40,2,2,2,8,0,5,70,5,0.672697
41,2,2,1,9,0,6,41,5,0.968196
42,2,2,2,5,1,5,57,2,0.375598
43,2,2,2,7,0,9,71,2,0.279999
44,2,1,1,9,1,8,23,2,0.796396
45,2,3,1,4,1,8,53,2,0.225799
46,2,4,2,8,0,8,63,2,0.375598
47,2,1,1,7,1,8,28,2,0.548598
48,1,2,1,8,0,6,38,2,0.250999
49,2,1,1,7,1,9,69,2,0.279999
50,1,1,1,10,0,8,75,1,0.190699
51,2,1,1,8,0,7,60,1,0.225799
52,1,2,1,9,0,8,65,1,0.279999
53,1,1,1,8,1,9,55,1,0.375598
54,1,1,1,10,0,8,55,1,0.225799
55,1,2,2,10,0,8,53,1,0.225799
56,1,3,1,7,0,7,63,1,0.225799
57,2,3,1,7,0,5,51,3,0.155399
58,2,1,1,8,0,6,56,3,0.155399
59,1,4,1,10,0,8,63,3,0.155399
60,1,4,1,5,0,6,73,-2,0.999996
61,2,2,1,7,0,8,19,-2,0.999996
62,1,3,1,8,0,9,58,-2,0.999996
63,2,2,1,5,0,7,59,8,1.305394
64,2,2,1,8,0,3,45,8,0.745397
65,1,2,1,10,0,7,44,-2,0.999996
66,1,1,1,9,0,7,44,8,0.745397
67,1,2,1,9,0,8,63,8,1.305394
68,2,1,1,9,0,9,64,8,1.305394
69,1,1,2,8,0,7,41,8,0.745397
70,2,2,1,7,0,7,51,8,3.376685
71,1,2,1,8,0,10,28,8,1.635793
72,1,2,1,8,0,8,41,8,0.745397
73,2,2,1,5,0,9,48,-2,0.999996
74,2,3,2,7,0,4,19,8,1.009195
75,3,3,2,5,0,5,77,8,0.895196
76,2,1,2,7,0,7,34,8,0.896496
77,1,1,2,9,0,8,26,8,0.896496
78,1,1,2,10,0,10,21,8,1.009195
79,1,3,1,8,0,8,75,8,1.303994
80,2,1,2,2,0,5,20,8,1.009195
81,2,2,2,6,0,9,42,7,1.899091
82,1,2,1,9,0,6,59,7,1.628893
83,2,2,2,9,0,5,41,7,1.899091
84,2,3,1,6,1,10,40,7,1.899091
85,2,2,1,7,0,8,47,-2,0.999996
86,1,1,1,7,2,7,61,7,1.628893
87,1,1,2,10,0,4,44,1,2.835987
88,3,3,1,6,0,6,75,1,0.559897
89,1,2,1,8,2,7,72,1,0.559897
90,2,2,1,8,1,5,47,1,0.784196
91,2,2,2,7,1,8,52,6,1.029595
92,2,1,1,9,0,9,57,6,1.029595
93,1,3,2,-1,1,9,90,6,0.672697
94,1,1,1,8,0,7,28,6,1.563193
95,2,1,2,8,0,7,23,6,0.555398
96,1,1,1,9,0,8,37,7,1.695492
97,3,2,1,4,0,9,36,7,1.695492
98,1,1,1,8,0,7,36,7,1.695492
99,1,1,1,8,0,7,29,7,2.045991
100,2,1,1,8,0,9,34,7,1.895691
101,2,2,1,8,0,7,59,6,1.029595
102,2,1,2,5,0,4,59,6,0.737497
103,2,1,1,8,0,8,18,6,1.231394
104,2,1,2,10,0,8,57,7,1.693892
105,3,1,1,5,0,8,58,7,1.628893
106,2,3,1,9,0,7,72,7,2.004991
107,1,1,1,10,0,6,48,7,1.899091
108,1,3,2,8,0,9,31,7,2.045991
109,1,1,1,10,0,6,48,7,1.695492
110,2,2,2,7,0,8,41,6,0.471098
111,2,1,1,7,0,7,35,6,1.299894
112,2,2,1,7,0,5,82,6,0.740497
113,2,2,1,7,1,5,75,6,0.740497
114,1,1,1,10,2,9,46,5,1.299894
115,2,2,2,8,0,7,42,5,1.299894
116,2,3,1,7,0,8,54,7,0.763597
117,1,4,1,8,0,5,17,4,1.701692
118,1,2,1,10,0,8,86,7,0.825596
119,1,1,1,8,0,9,27,7,1.521493
120,2,1,1,10,0,7,30,7,1.521493
121,1,1,1,10,0,5,34,7,1.521493
122,2,3,1,6,0,10,46,7,1.241794
123,1,2,2,8,0,7,62,7,1.693892
124,1,3,1,8,0,7,53,7,1.628893
125,2,2,1,9,0,6,59,7,1.628893
126,1,1,1,9,0,6,56,7,1.628893
127,2,1,1,8,1,9,43,7,1.899091
128,2,2,2,8,2,9,59,7,1.693892
129,1,2,2,7,1,6,37,8,1.899091
130,1,1,1,8,1,6,34,8,2.045991
131,2,1,1,9,1,8,60,8,1.693892
132,1,1,2,8,1,9,41,8,1.695492
133,2,1,1,8,1,7,23,8,1.650493
134,2,1,1,8,1,8,18,8,1.650493
135,1,2,1,8,0,8,78,8,0.825596
136,2,2,2,8,0,8,83,8,1.340794
137,1,3,1,8,0,8,85,8,1.340794
138,1,1,1,10,0,8,77,8,1.340794
139,3,1,2,5,0,7,32,8,1.460493
140,2,3,1,4,1,10,52,8,0.763597
141,1,1,1,10,0,8,57,2,0.225799
142,2,2,1,7,0,8,34,2,0.563797
143,2,2,1,9,0,8,39,2,0.250999
144,1,2,2,8,0,5,61,2,0.225799
145,1,1,1,9,0,5,30,2,0.548598
146,2,2,2,7,0,4,58,2,0.375598
147,1,2,1,10,0,10,67,2,0.190699
148,1,1,1,7,0,3,20,2,0.796396
149,2,2,1,7,0,6,43,2,0.250999
150,1,3,1,8,0,10,86,2,0.190699
151,2,3,2,5,2,3,56,3,0.155399
152,2,2,1,8,0,7,48,3,0.217199
153,1,2,1,9,2,9,36,3,0.217199
154,2,2,2,8,0,6,57,3,0.155399
155,2,1,2,10,0,6,47,2,0.250999
156,2,2,1,8,0,7,29,2,0.563797
157,1,3,1,7,1,7,53,2,0.375598
158,2,2,1,8,0,8,61,2,0.225799
159,2,4,2,6,0,4,67,2,0.279999
160,2,3,1,6,0,7,54,2,0.375598
161,2,3,1,6,0,7,37,2,0.250999
162,3,2,2,5,0,4,59,2,0.375598
163,2,2,1,10,2,6,59,2,0.375598
164,2,2,1,5,2,5,41,2,0.553998
165,1,2,1,10,0,6,27,7,2.045991
166,1,1,1,10,0,6,42,7,1.899091
167,1,3,2,8,0,9,65,7,1.621093
168,1,1,1,8,0,7,73,7,2.004991
169,2,1,1,8,0,8,78,7,2.004991
170,1,1,1,9,0,1,45,7,1.695492
171,2,1,1,6,1,8,47,4,0.704697
172,1,1,1,9,0,9,40,4,0.704697
173,4,4,2,6,0,8,31,4,0.951096
174,2,1,1,10,0,10,52,4,0.428498
175,2,4,1,7,0,6,67,4,1.164195
176,3,4,1,4,0,6,50,4,0.428498
177,1,2,1,8,0,7,20,7,1.646893
178,3,2,1,2,0,9,38,7,1.899091
179,1,1,1,5,0,10,42,7,1.695492
180,1,3,1,10,0,10,83,7,1.621093
181,2,2,1,9,2,4,64,7,1.693892
182,1,2,1,10,0,10,84,7,1.621093
183,1,2,1,8,0,10,70,7,2.004991
184,2,1,1,9,0,8,52,7,1.693892
185,1,1,1,10,0,8,52,7,1.628893
186,1,1,1,10,0,1,67,7,2.004991
187,1,1,1,9,2,5,37,7,1.899091
188,2,1,1,7,2,5,30,7,1.895691
189,2,1,1,8,0,2,51,7,1.628893
190,1,3,1,9,0,6,79,7,1.621093
191,2,4,1,8,0,-1,79,-2,0.999996
192,1,2,2,9,0,8,67,7,1.621093
193,2,3,1,4,0,8,71,8,1.621093
194,2,2,2,8,2,6,41,8,1.695492
195,1,2,1,10,0,9,61,8,1.305394
196,1,1,2,9,0,8,40,8,1.651593
197,2,3,2,9,0,8,68,8,0.895196
198,2,3,2,7,0,7,41,8,0.745397
199,2,3,2,7,0,9,41,8,0.745397
200,1,3,2,5,0,-1,-2,8,0.999996
201,1,1,1,10,0,4,22,6,0.555398
202,1,2,1,10,1,10,23,6,1.231394
203,2,1,1,5,1,8,43,6,0.968196
204,2,2,1,7,1,4,62,6,0.737497
205,1,3,1,8,2,10,51,6,1.029595
206,2,1,1,3,1,5,62,6,1.029595
207,2,1,1,7,0,8,24,6,1.231394
208,1,1,1,9,2,10,58,1,1.258294
209,2,2,3,1,0,10,77,7,1.621093
210,2,2,1,7,0,8,57,7,1.693892
211,2,2,1,6,0,6,43,7,1.695492
212,1,1,1,9,0,6,18,7,1.646893
213,1,1,1,10,0,8,29,7,1.895691
214,1,3,3,8,1,10,62,2,2.457789
215,2,2,1,9,0,7,52,2,2.457789
216,1,3,2,8,0,8,75,2,4.624879
217,2,2,1,9,0,5,41,2,1.818692
218,2,2,1,6,0,7,38,2,5.386776
219,1,2,1,8,0,7,31,2,2.16349
220,2,4,2,7,0,10,45,8,0.745397
221,1,4,3,9,1,7,32,8,0.896496
222,1,2,2,8,1,7,20,7,1.646893
223,2,3,1,6,1,9,45,7,1.695492
224,1,2,1,9,0,8,22,7,1.646893
225,2,3,1,8,0,9,23,7,1.650493
226,2,2,1,6,0,5,36,7,1.695492
227,1,2,1,9,1,7,26,7,1.895691
228,2,2,1,8,0,3,49,7,1.695492
229,2,2,1,9,0,9,72,7,1.621093
230,1,1,1,8,0,-1,27,7,2.045991
231,1,1,1,10,0,-1,77,3,0.192599
232,1,1,2,9,0,8,27,3,0.333798
233,3,1,3,4,0,8,45,3,0.305299
234,2,3,2,8,0,7,-2,-2,0.999996
235,2,1,1,10,0,9,69,3,0.223299
236,3,2,1,5,1,5,48,3,0.217199
237,3,3,2,5,1,10,55,2,0.375598
238,1,3,2,8,0,7,45,3,0.217199
239,2,2,1,6,0,3,32,-2,0.999996
240,2,2,2,9,0,7,22,-2,0.999996
241,2,3,1,5,0,-1,58,3,0.155399
242,2,3,1,10,0,5,55,-2,0.999996
243,1,1,1,10,0,1,39,7,0.223099
244,1,1,1,10,0,10,40,3,0.217199
245,2,4,1,4,0,4,49,4,0.305299
246,1,2,1,10,0,5,68,-2,0.999996
247,2,1,2,4,0,5,80,3,0.192599
248,2,1,1,8,2,7,37,3,0.305299
249,2,4,1,8,0,8,46,3,0.305299
250,2,2,1,4,0,7,25,3,0.333798
251,1,1,1,9,1,6,63,3,0.155399
252,2,2,3,7,1,7,31,3,0.186299
253,2,1,1,7,0,5,52,3,0.237499
254,2,1,1,8,0,9,46,3,0.305299
255,2,1,1,7,1,9,34,8,2.045991
256,2,2,1,8,0,8,18,8,1.650493
257,2,1,2,8,0,3,61,8,1.693892
258,1,1,1,9,0,7,42,8,1.899091
259,2,2,2,5,0,9,55,8,1.628893
260,2,3,1,7,0,9,76,8,1.621093
261,2,1,2,9,0,9,41,8,1.695492
262,3,4,1,4,1,6,55,8,1.693892
263,-1,3,1,6,1,8,24,3,0.231599
264,3,4,2,2,0,9,53,3,0.237499
265,2,2,2,7,0,5,56,3,0.237499
266,1,2,1,10,0,6,77,3,0.223299
267,2,1,1,8,0,9,29,3,0.186299
268,1,1,1,8,0,8,45,3,0.217199
269,2,1,2,10,1,8,55,3,0.237499
270,1,1,1,9,0,8,35,7,0.223099
271,1,1,1,10,0,8,25,7,0.281099
272,1,3,3,7,0,7,53,7,0.204899
273,1,1,1,7,0,7,34,7,0.640797
274,2,2,1,5,0,6,47,7,0.223099
275,2,2,1,8,0,8,20,7,1.969891
276,1,2,1,7,0,8,18,7,0.292799
277,1,1,1,9,0,8,44,7,0.223099
278,2,3,1,7,1,2,44,7,0.311299
279,1,2,1,10,0,7,52,7,0.204899
280,2,2,2,7,2,8,34,7,0.640797
281,2,2,1,9,0,7,45,1,0.250999
282,1,1,1,10,0,8,30,1,0.548598
283,1,2,1,5,1,1,46,2,0.553998
284,2,2,1,8,0,10,34,1,0.548598
285,1,1,1,8,0,8,42,1,0.250999
286,1,2,1,9,2,8,40,1,0.250999
287,1,3,1,10,0,5,79,1,0.279999
288,1,1,1,9,0,8,18,1,0.796396
289,1,2,1,9,0,9,24,1,0.765697
290,1,2,1,10,0,5,61,1,0.225799
291,2,3,2,5,0,8,42,7,1.695492
292,1,1,1,9,0,8,31,7,2.045991
293,2,2,1,8,0,8,70,7,2.004991
294,2,3,2,6,2,6,33,7,1.895691
295,2,4,1,5,0,8,80,7,2.004991
296,2,2,1,8,0,8,46,5,0.607697
297,2,2,1,8,0,8,38,-2,0.999996
298,3,2,2,6,0,10,22,8,1.009195
299,1,1,1,9,0,9,37,8,0.745397
300,1,1,1,10,2,9,64,6,0.910496
301,1,1,3,9,0,6,-2,8,0.999996
302,2,2,2,8,0,9,44,8,0.745397
303,2,1,1,7,0,7,59,8,1.305394
304,1,3,1,9,0,8,52,8,1.305394
305,1,1,1,9,0,10,75,1,4.624879
306,1,2,1,10,0,8,79,-2,0.999996
307,2,1,2,8,0,7,41,-2,0.999996
308,1,2,1,10,0,8,63,-2,0.999996
309,1,1,1,9,0,6,40,-2,0.999996
310,2,1,1,8,0,8,68,-2,0.999996
311,1,1,1,8,0,10,42,1,5.386776
312,1,3,1,8,1,8,75,-2,0.999996
313,1,1,1,8,0,9,53,3,0.737497
314,1,2,1,8,-2,7,47,3,0.607697
315,1,4,2,10,0,8,23,3,0.555398
316,1,1,1,10,0,7,82,3,1.028695
317,1,2,1,10,0,10,82,3,0.672697
318,1,1,1,8,0,8,41,5,0.607697
319,4,4,1,1,0,10,46,5,0.607697
320,1,1,1,8,1,8,41,5,0.968196
321,1,1,1,8,0,8,52,5,0.737497
322,1,1,1,10,2,6,28,5,0.458198
323,1,2,1,7,0,7,63,5,1.029595
324,1,1,1,8,0,4,38,7,0.745397
325,2,2,1,7,0,10,49,7,1.651593
326,1,1,1,8,0,7,27,7,0.896496
327,1,1,1,8,0,8,60,7,1.305394
328,1,1,2,9,0,9,69,7,1.303994
329,2,3,1,7,0,8,94,7,0.895196
330,1,1,1,9,0,9,36,7,1.241794
331,1,1,3,10,-2,7,43,7,1.241794
332,1,1,3,8,1,6,54,6,0.488398
333,2,2,1,6,0,9,54,6,0.907596
334,2,2,2,8,0,10,51,7,2.512489
335,2,1,1,8,0,9,-2,7,0.999996
336,1,2,1,8,0,8,47,6,0.471098
337,2,3,2,6,0,7,78,6,0.763297
338,3,4,3,3,0,4,21,6,1.701692
339,3,1,1,8,-1,7,32,2,2.555788
340,1,1,2,10,0,7,56,6,0.907596
341,2,1,1,6,0,10,31,7,1.521493
342,1,1,1,8,0,10,40,7,1.695492
343,2,2,2,9,0,7,82,3,1.028695
344,2,1,2,8,0,10,46,3,0.607697
345,1,1,1,8,0,6,33,4,0.458198
346,3,2,1,7,0,6,26,5,0.458198
347,2,2,1,8,0,7,25,7,2.045991
348,2,2,2,8,0,9,45,4,3.015086
349,1,2,1,8,1,10,53,4,0.428498
350,1,1,1,8,0,8,42,4,0.704697
351,2,-2,2,8,0,7,23,3,1.465793
352,2,3,2,6,1,7,18,3,1.465793
353,2,1,2,6,0,5,23,4,1.526593
354,1,1,1,10,2,9,71,6,0.740497
355,1,2,1,10,0,9,52,6,0.488398
356,1,2,1,8,2,1,66,6,0.763297
357,1,1,1,9,2,7,58,6,0.488398
358,1,1,1,8,0,9,84,6,0.740497
359,1,1,1,8,0,7,56,3,0.907596
360,1,1,1,10,0,8,79,3,0.763297
361,1,1,2,10,0,8,44,3,1.299894
362,2,1,1,9,0,5,53,3,0.488398
363,1,2,1,8,0,9,42,3,0.471098
364,2,2,2,5,0,8,55,3,0.488398
365,1,1,1,8,0,2,33,3,0.708097
366,1,1,1,9,0,8,71,3,1.028695
367,2,2,2,8,0,8,20,3,0.555398
368,2,2,2,9,0,9,47,6,0.968196
369,1,2,1,10,1,10,34,6,1.563193
370,3,3,2,6,0,5,58,6,1.029595
371,2,1,1,9,2,7,34,6,0.458198
372,1,2,1,8,0,5,42,6,0.607697
373,1,2,2,8,0,8,39,6,0.968196
374,1,2,1,7,2,5,60,6,1.029595
375,2,2,1,8,0,7,45,7,1.899091
376,2,1,1,8,0,7,22,7,1.646893
377,2,2,1,8,2,6,23,8,1.650493
378,2,2,1,8,0,8,24,8,1.646893
379,1,1,1,8,2,8,53,7,0.999996
380,1,1,1,7,1,6,17,8,1.646893
381,2,4,1,5,0,8,72,8,2.004991
382,2,2,2,8,0,8,44,8,1.695492
383,1,2,1,10,0,9,58,3,0.737497
384,2,1,1,9,0,9,68,3,0.672697
385,1,2,1,9,0,7,53,3,0.737497
386,2,2,1,5,0,4,86,3,0.672697
387,1,2,2,10,0,7,39,-2,0.999996
388,2,2,1,8,0,5,72,3,1.028695
389,2,2,1,7,0,6,28,2,0.824496
390,1,1,1,9,0,5,26,2,0.824496
391,1,1,1,8,1,3,20,2,1.399694
392,2,1,2,7,1,4,26,2,0.824496
393,2,1,1,7,0,7,31,2,0.824496
394,2,2,1,8,0,7,36,1,1.818692
395,1,2,1,10,0,4,59,-2,0.999996
396,1,2,2,8,2,7,54,-2,0.999996
397,1,2,1,8,0,4,68,8,0.895196
398,2,2,2,9,0,7,25,8,1.635793
399,1,1,2,8,0,7,32,8,0.896496
400,1,1,1,6,0,5,42,8,0.745397
401,2,2,1,8,0,8,49,8,0.745397
402,1,1,1,8,0,6,46,8,0.745397
403,2,3,1,8,-1,7,34,8,0.896496
404,1,1,1,10,0,9,66,8,2.004991
405,2,1,2,7,0,8,27,8,1.895691
406,2,2,1,8,0,7,31,8,2.045991
407,1,1,1,6,0,5,38,8,1.899091
408,2,2,2,6,0,8,56,8,1.693892
409,1,2,2,8,0,9,73,8,2.004991
410,1,1,1,9,0,10,34,8,2.045991
411,2,2,1,8,0,9,36,8,1.899091
412,2,2,1,6,0,9,41,8,1.899091
413,1,1,1,8,0,9,59,-2,0.999996
414,4,3,4,5,0,10,53,-2,0.999996
415,1,3,1,8,0,9,60,-2,0.999996
416,1,2,2,8,2,10,67,-2,0.999996
417,2,1,1,8,0,7,51,-2,0.999996
418,1,2,1,8,0,8,73,8,0.825596
419,2,1,1,8,0,5,50,8,2.512489
420,2,2,1,7,0,6,65,8,0.825596
421,1,1,1,10,0,6,46,8,1.634393
422,2,2,1,8,0,7,73,8,0.825596
423,1,2,3,8,0,8,36,8,1.241794
424,1,1,1,10,1,10,73,1,0.190699
425,1,1,2,10,0,10,50,1,0.225799
426,1,2,1,8,0,-2,69,1,0.190699
427,1,1,1,9,0,6,59,1,0.225799
428,1,1,1,10,0,10,82,1,0.190699
429,2,2,2,6,0,9,53,1,0.375598
430,2,2,2,8,0,5,77,1,0.190699
431,3,4,1,3,0,3,84,1,1.841692
432,2,1,1,9,0,9,70,1,1.841692
433,1,4,1,6,0,7,51,1,2.457789
434,2,3,1,8,0,8,80,1,4.624879
435,2,2,3,5,0,1,52,1,5.043678
436,1,2,1,10,0,8,67,1,1.841692
437,3,3,3,6,0,8,18,7,1.003696
438,1,2,1,9,1,8,42,7,1.241794
439,2,2,1,7,0,5,27,7,1.460493
440,1,1,2,7,0,8,33,7,1.460493
441,2,2,1,8,0,7,43,7,1.634393
442,2,2,2,6,2,7,85,7,0.825596
443,1,2,1,8,0,6,19,7,1.003696
444,2,1,1,9,2,8,60,7,2.512489
445,1,2,1,9,0,5,33,7,1.460493
446,2,2,1,10,0,5,63,7,0.763597
447,2,2,2,7,0,6,77,7,1.340794
448,2,4,1,5,1,6,45,7,1.695492
449,3,3,2,5,0,6,40,7,1.695492
450,2,2,2,7,0,7,34,7,1.895691
451,1,1,1,8,-1,7,27,7,2.045991
452,2,1,1,6,0,6,30,7,1.895691
453,1,1,1,8,0,8,61,7,1.628893
454,2,2,3,9,0,7,62,7,1.693892
455,3,4,1,7,0,7,76,1,0.190699
456,1,3,2,9,0,9,73,1,0.279999
457,1,1,1,10,2,8,38,1,0.553998
458,2,2,2,5,0,6,64,1,0.225799
459,1,2,1,10,0,8,60,1,0.225799
460,2,1,1,7,0,6,71,1,0.190699
461,1,1,1,10,0,8,43,1,0.553998
462,2,2,1,8,0,8,17,-2,0.999996
463,2,1,2,9,0,6,49,-2,0.999996
464,2,2,1,7,0,9,32,-2,0.999996
465,2,1,1,9,0,7,19,-2,0.999996
466,1,2,2,8,0,6,38,1,0.250999
467,1,2,1,7,1,8,55,1,0.225799
468,1,2,1,8,0,7,54,1,0.225799
469,2,1,1,8,0,9,51,1,0.225799
470,1,2,1,9,0,8,44,1,0.250999
471,1,1,1,9,0,6,40,1,0.250999
472,2,4,1,6,1,8,36,1,0.250999
473,1,1,1,10,0,9,39,1,0.250999
474,2,2,2,8,0,6,34,1,0.563797
475,1,1,1,10,0,10,65,1,0.279999
476,2,1,1,7,0,6,55,1,0.225799
477,1,2,1,7,0,5,65,1,0.190699
478,2,2,1,8,0,7,69,1,0.190699
479,2,1,1,9,2,7,55,1,0.225799
480,1,1,1,10,1,10,36,1,0.250999
481,1,1,1,9,0,7,41,1,0.250999
482,1,1,1,8,2,6,57,3,0.907596
483,2,2,3,5,0,8,26,3,0.708097
484,3,1,1,6,0,8,37,3,0.471098
485,2,2,3,8,0,7,42,3,0.471098
486,2,3,1,8,0,8,81,1,0.190699
487,2,3,1,8,0,9,83,1,0.279999
488,1,1,1,10,0,10,60,1,0.225799
489,1,1,1,8,0,7,30,1,0.548598
490,1,1,1,8,0,8,74,1,0.190699
491,1,1,1,8,0,8,33,1,0.548598
492,1,3,1,9,0,8,51,7,1.628893
493,1,1,2,9,0,9,49,7,1.695492
494,1,1,1,8,1,8,46,7,1.899091
495,3,4,2,6,1,5,22,7,1.646893
496,1,1,1,8,0,8,58,7,1.693892
497,1,3,1,8,0,9,65,7,2.004991
498,1,2,1,9,1,6,74,6,1.028695
499,2,4,2,8,0,-1,76,6,0.672697
500,1,2,1,9,0,8,33,6,0.458198
501,2,1,1,7,0,5,43,5,0.607697
502,1,1,1,8,1,8,50,6,0.737497
503,1,1,2,10,0,9,64,6,1.029595
504,2,2,2,8,0,8,66,6,1.028695
505,2,1,1,8,0,3,47,6,0.607697
506,3,2,2,6,0,8,74,7,0.310999
507,1,1,1,8,0,8,82,7,0.310999
508,2,3,1,7,0,6,82,7,0.310999
509,1,1,1,9,0,7,63,7,0.204899
510,2,1,1,8,0,9,77,7,1.343494
511,1,1,1,9,0,10,56,-2,0.999996
512,1,1,2,8,0,8,50,8,1.305394
513,3,2,2,5,0,7,30,8,0.896496
514,4,3,2,5,0,6,20,8,1.009195
515,1,1,1,10,-2,3,-2,8,0.999996
516,2,3,1,10,0,5,67,8,0.895196
517,1,2,2,9,0,7,73,8,0.895196
518,2,2,2,8,0,3,36,2,1.818692
519,2,1,2,8,2,9,24,2,1.564493
520,2,2,2,8,0,8,69,7,1.621093
521,1,3,1,10,0,5,89,4,0.223299
522,2,2,1,10,0,1,68,4,0.192599
523,2,2,1,8,0,8,45,4,0.217199
524,1,3,2,9,0,5,50,4,0.155399
525,2,1,1,10,0,10,67,4,0.192599
526,1,3,1,6,0,6,55,4,0.155399
527,1,2,1,7,0,10,60,4,0.155399
528,1,2,1,9,0,8,62,4,0.237499
529,1,2,2,5,0,5,72,4,0.192599
530,1,2,2,7,0,6,27,4,0.333798
531,2,2,1,7,0,4,59,6,0.237499
532,3,4,1,1,0,8,62,6,0.155399
533,1,3,1,7,0,6,30,6,0.186299
534,2,2,1,5,0,10,39,6,0.305299
535,2,3,1,5,0,7,57,6,0.155399
536,1,2,1,8,1,10,23,6,0.231599
537,2,1,-2,8,0,10,17,6,0.241499
538,2,2,1,7,0,8,44,1,0.553998
539,1,1,2,8,0,10,36,1,0.250999
540,2,2,2,6,0,8,29,1,0.563797
541,1,1,1,8,2,9,50,1,0.225799
542,1,1,1,10,0,7,35,1,0.250999
543,1,2,1,6,0,5,21,1,0.765697
544,1,1,1,8,2,5,68,1,0.279999
545,1,2,1,10,0,6,40,1,0.250999
546,2,2,1,8,0,8,35,1,0.250999
547,2,3,2,6,0,6,75,1,0.279999
548,1,2,2,8,0,10,38,1,0.553998
549,2,1,1,7,0,9,45,1,0.250999
550,2,3,1,8,0,7,39,1,0.553998
551,1,3,1,6,-2,3,81,1,0.279999
552,1,3,1,8,2,6,36,1,0.553998
553,2,3,2,8,0,5,61,1,0.225799
554,1,2,1,8,0,8,57,1,0.225799
555,1,1,1,9,0,8,16,1,0.796396
556,2,3,1,4,0,7,91,1,0.190699
557,2,3,2,8,0,9,74,1,0.279999
558,1,2,2,9,0,9,38,2,7.212368
559,1,2,1,8,0,8,66,2,4.728179
560,1,1,1,10,0,8,82,4,0.223299
561,2,3,2,6,0,6,41,4,0.217199
562,1,2,2,9,0,6,75,4,0.223299
563,1,2,1,8,0,8,33,4,0.186299
564,2,2,1,6,0,8,56,4,0.155399
565,1,1,1,10,0,10,53,4,0.907596
566,1,3,2,9,0,8,54,4,0.907596
567,2,3,1,5,0,9,25,4,0.708097
568,2,3,1,10,1,8,54,4,0.488398
569,4,2,1,1,0,9,75,3,0.740497
570,1,1,1,10,1,3,64,3,0.488398
571,2,2,1,8,0,9,67,3,0.740497
572,1,2,1,6,0,-1,70,4,0.740497
573,2,1,1,8,0,7,52,4,0.907596
574,2,2,2,7,2,4,35,4,0.471098
575,1,1,2,8,2,4,52,4,0.488398
576,2,2,1,7,0,7,20,7,0.292799
577,2,1,1,9,0,8,42,7,0.223099
578,2,2,1,8,0,7,37,7,0.223099
579,2,1,1,9,0,9,55,7,0.454198
580,1,2,1,7,0,9,60,7,0.204899
581,1,1,1,5,0,6,18,2,1.564493
582,1,1,1,8,0,6,35,1,1.818692
583,1,2,1,9,0,8,20,1,1.564493
584,2,2,1,7,0,9,54,1,2.457789
585,1,1,1,9,0,8,42,1,5.386776
586,1,4,1,7,0,8,45,1,1.818692
587,2,3,2,9,0,9,52,6,0.907596
588,1,2,2,8,0,8,35,6,0.471098
589,1,3,1,5,0,8,83,6,0.763297
590,1,1,2,9,0,4,74,6,0.763297
591,1,1,2,7,0,6,38,6,0.471098
592,2,3,2,6,1,6,43,7,1.695492
593,2,2,2,7,1,8,26,7,1.895691
594,1,1,1,8,0,6,31,7,1.895691
595,3,3,1,7,0,5,51,7,1.628893
596,1,1,3,7,2,6,36,7,1.695492
597,1,1,1,10,1,6,57,7,1.693892
598,3,1,2,3,2,10,37,6,0.607697
599,1,1,1,10,0,7,72,3,1.028695
600,1,1,2,10,0,7,67,3,1.028695
601,1,1,1,10,0,1,62,3,0.737497
602,1,2,2,8,0,5,42,8,1.899091
603,1,2,1,7,0,5,41,1,1.818692
604,1,3,1,7,0,8,66,1,1.841692
605,1,1,1,8,1,8,33,1,4.247781
606,2,1,2,7,0,8,17,1,1.564493
607,2,1,3,8,0,9,60,8,1.693892
608,2,2,1,7,0,6,51,8,1.628893
609,2,2,1,7,0,6,24,8,1.646893
610,1,1,1,9,0,-1,48,6,0.607697
611,1,2,1,10,0,10,76,6,0.672697
612,3,3,3,4,0,7,25,6,0.458198
613,2,2,1,6,0,6,19,6,0.555398
614,2,3,1,7,0,5,58,6,1.029595
615,1,1,1,9,0,8,33,6,0.458198
616,1,1,2,8,0,9,61,6,1.029595
617,1,1,1,10,0,7,29,6,0.458198
618,2,3,3,5,0,9,20,6,0.555398
619,1,1,1,8,0,6,37,6,0.607697
620,2,1,1,8,0,5,33,6,0.458198
621,1,2,1,8,0,6,17,6,1.231394
622,2,2,2,9,0,8,44,3,0.607697
623,1,1,1,10,0,5,77,3,0.672697
624,2,2,2,9,0,8,45,3,0.607697
625,1,1,1,9,0,6,82,3,1.028695
626,1,1,2,9,0,7,44,3,0.968196
627,2,2,1,7,0,8,44,4,0.607697
628,2,1,1,9,2,7,52,4,0.737497
629,1,1,1,9,0,8,28,4,0.458198
630,2,2,2,7,0,7,29,4,0.458198
631,2,2,2,8,2,7,20,4,0.555398
632,2,2,2,7,0,3,24,4,0.555398
633,1,1,1,7,0,6,26,4,0.458198
634,2,2,1,7,0,10,23,4,1.701692
635,2,1,3,10,0,6,76,4,0.763297
636,1,2,1,10,0,7,55,4,0.488398
637,2,2,1,7,0,6,64,4,0.488398
638,2,2,1,8,2,7,33,4,1.314894
639,1,2,2,8,0,10,59,4,0.488398
640,1,2,2,9,1,7,39,4,1.299894
641,2,3,2,7,0,3,52,8,0.763597
642,2,3,2,8,0,8,65,8,1.340794
643,2,2,1,7,0,8,49,8,1.241794
644,1,1,1,9,0,9,39,8,1.634393
645,2,3,1,8,0,8,55,8,0.763597
646,3,3,2,4,2,8,54,8,0.763597
647,2,2,1,8,1,8,40,8,1.241794
648,2,4,1,6,0,8,42,8,1.634393
649,2,2,1,5,0,3,54,8,0.763597
650,3,3,1,10,0,6,57,8,0.763597
651,2,4,1,7,0,8,55,8,0.763597
652,2,3,1,6,0,6,41,8,1.634393
653,3,4,1,4,0,8,58,8,0.763597
654,2,2,1,7,0,10,53,8,0.763597
655,4,1,2,2,0,7,53,8,0.763597
656,2,3,2,5,0,9,54,8,0.763597
657,1,2,2,5,0,10,58,8,0.763597
658,1,3,1,10,0,5,55,8,0.763597
659,2,1,1,7,2,4,27,8,1.635793
660,2,3,2,8,0,8,76,8,0.895196
661,2,2,2,8,0,8,67,8,0.895196
662,1,2,1,3,0,8,69,8,1.303994
663,1,1,2,4,0,9,75,8,1.303994
664,2,2,2,8,0,8,85,8,1.303994
665,2,1,1,6,1,10,74,8,2.004991
666,2,1,1,8,2,10,50,8,1.628893
667,1,1,2,7,1,7,40,8,1.695492
668,2,3,1,7,0,8,82,8,1.621093
669,-1,1,1,4,0,7,75,8,2.004991
670,1,1,1,8,0,10,23,8,1.650493
671,2,1,2,8,0,8,61,8,1.628893
672,2,2,1,8,0,5,30,7,1.635793
673,2,1,2,8,0,5,24,7,1.009195
674,2,2,1,8,0,7,84,7,0.895196
675,1,1,2,3,1,7,28,6,1.181895
676,2,1,1,7,0,9,54,7,3.376685
677,1,3,1,8,0,8,77,7,0.895196
678,1,1,1,8,2,7,20,7,1.009195
679,2,2,2,8,0,7,19,7,2.625788
680,2,4,1,10,0,10,72,1,0.842796
681,1,1,2,8,0,10,25,2,1.399794
682,2,2,2,8,0,6,56,2,2.402889
683,2,3,2,7,0,5,52,2,3.030087
684,1,1,2,10,0,6,46,2,2.996487
685,1,2,1,10,0,9,81,2,5.072377
686,2,2,1,10,0,9,24,2,1.836892
687,1,1,1,9,0,9,42,1,2.995487
688,1,1,1,9,0,8,45,1,2.995487
689,-1,2,3,2,0,7,42,1,2.996487
690,2,2,2,8,0,8,47,1,2.996487
691,1,1,2,8,0,7,47,1,2.996487
692,1,1,1,9,0,8,49,1,2.995487
693,2,2,2,8,0,7,47,1,2.996487
694,2,1,1,8,0,8,53,1,3.030087
695,2,1,1,10,0,10,18,1,0.765697
696,2,2,2,6,0,10,51,1,0.375598
697,2,2,2,8,0,10,77,1,0.190699
698,2,2,1,8,0,10,56,1,0.225799
699,2,2,2,8,0,10,52,1,0.375598
700,2,2,1,7,0,10,58,1,0.225799
701,2,3,1,7,0,10,26,3,0.333798
702,1,1,2,6,0,10,32,3,0.186299
703,2,3,1,3,0,10,33,3,0.186299
704,2,3,2,4,0,10,55,3,0.155399
705,2,2,1,4,0,10,21,3,0.231599
706,2,2,1,4,0,10,31,3,0.333798
707,1,2,1,9,0,10,62,3,0.155399
708,1,2,2,8,0,10,70,3,0.192599
709,3,3,2,5,0,10,65,3,0.192599
710,2,2,1,8,0,10,43,3,0.217199
711,1,2,2,7,0,10,79,3,0.192599
712,2,3,1,8,0,9,73,3,0.192599
713,1,2,1,8,0,8,28,7,0.800096
714,2,2,1,7,0,10,27,7,0.800096
715,1,2,1,8,0,9,31,7,2.873487
716,1,1,1,9,0,9,42,7,0.833896
717,1,2,1,8,0,8,57,7,1.666693
718,1,1,1,10,1,8,30,7,0.800096
719,2,3,2,7,0,6,58,4,0.438798
720,1,1,2,10,0,9,65,4,0.257199
721,1,1,2,10,0,8,47,4,0.309199
722,2,1,1,9,0,6,23,7,1.082595
723,1,1,1,10,0,10,32,7,2.873487
724,2,3,2,7,0,5,21,7,1.082595
725,2,2,2,9,0,8,50,7,1.266694
726,2,1,1,8,0,8,22,7,1.425094
727,2,3,2,7,0,5,53,7,1.266694
728,2,2,2,7,1,9,78,7,1.554193
729,2,2,1,6,0,8,18,7,1.082595
730,2,2,1,3,0,6,21,7,1.425094
731,1,2,3,10,0,9,39,7,0.833896
732,1,2,1,7,0,5,27,7,0.800096
733,2,2,1,7,0,3,21,8,1.425094
734,1,1,1,7,0,5,59,7,1.266694
735,2,2,2,9,0,-1,21,7,1.082595
736,1,2,1,8,0,2,34,7,0.800096
737,2,1,1,8,0,5,28,7,0.800096
738,2,2,2,8,0,8,50,2,3.030087
739,2,3,2,7,0,7,72,5,0.257199
740,2,2,2,6,0,7,39,5,0.339698
741,2,1,1,8,0,9,55,5,0.438798
742,2,3,1,7,0,7,42,4,0.339698
743,2,2,2,8,0,7,68,5,0.257199
744,3,2,3,5,1,5,42,5,0.339698
745,2,2,2,8,0,7,34,4,0.318699
746,1,2,2,10,0,7,38,5,0.339698
747,2,1,2,8,0,8,18,5,0.345998
748,2,3,1,8,0,7,52,7,1.266694
749,1,1,2,8,0,2,63,7,1.266694
750,1,1,1,8,1,6,27,7,0.800096
751,1,1,2,8,0,9,57,7,1.666693
752,2,1,2,7,0,6,55,7,1.666693
753,2,2,1,6,0,6,44,7,0.833896
754,2,1,2,8,0,9,61,7,1.266694
755,2,1,2,9,0,8,47,7,3.388785
756,1,1,1,8,0,7,50,7,1.266694
757,2,1,2,5,0,8,39,7,0.833896
758,1,1,1,10,0,10,60,8,1.666693
759,1,3,1,7,0,10,81,8,1.554193
760,2,2,2,8,0,7,52,3,0.352598
761,2,1,1,7,0,9,20,7,1.425094
762,2,1,1,6,0,9,29,7,0.800096
763,2,2,2,9,0,7,69,7,1.426194
764,2,2,2,6,0,6,65,3,0.257199
765,1,1,2,9,1,5,21,6,0.267499
766,2,2,1,5,0,3,72,6,0.264599
767,1,2,2,9,0,9,83,6,0.257199
768,2,2,1,7,0,5,22,6,0.345998
769,1,3,2,8,2,10,67,6,0.264599
770,2,1,2,8,0,6,39,4,0.339698
771,2,2,1,8,0,8,77,4,0.257199
772,2,1,1,10,0,6,68,4,0.257199
773,2,2,2,8,0,9,54,4,0.352598
774,1,1,2,9,0,5,63,4,0.352598
775,1,1,2,9,0,-1,77,4,0.257199
776,2,2,2,8,0,9,46,4,0.309199
777,2,3,1,6,0,8,58,4,0.352598
778,2,1,2,7,0,6,33,4,0.782296
779,2,2,2,6,0,7,25,4,0.318699
780,2,3,3,4,0,2,55,7,1.266694
781,3,3,2,4,0,8,40,7,0.833896
782,1,1,1,10,1,4,34,7,0.800096
783,2,1,1,5,0,6,42,7,0.833896
784,2,3,1,7,0,7,85,8,0.895196
785,2,4,1,6,0,7,85,8,0.895196
786,1,2,2,7,0,7,87,8,0.895196
787,2,2,1,8,0,8,83,8,0.895196
788,2,3,1,7,0,7,87,8,1.303994
789,2,2,1,8,0,6,89,8,0.895196
790,1,2,1,8,0,6,92,8,0.895196
791,2,3,2,7,0,8,83,8,1.303994
792,2,1,2,8,0,7,26,8,1.521493
793,2,2,1,5,2,7,59,8,0.763597
794,1,1,2,10,0,5,56,8,2.512489
795,2,2,1,5,0,5,42,8,1.241794
796,1,1,1,10,0,9,70,8,1.340794
797,1,2,1,10,0,10,19,8,0.779597
798,2,2,2,7,0,7,19,8,1.003696
799,1,1,1,8,0,7,41,8,1.241794
800,1,3,1,10,2,6,66,8,1.340794
801,1,1,1,10,0,8,73,8,1.340794
802,2,2,1,7,0,7,20,6,1.526593
803,1,1,1,8,0,7,39,6,3.015086
804,2,2,1,8,0,9,62,6,0.910496
805,1,2,1,8,0,9,76,6,1.164195
806,2,1,1,8,0,7,41,6,0.704697
807,1,2,1,8,0,8,70,6,1.164195
808,2,1,1,8,0,7,56,6,0.428498
809,1,3,1,10,0,10,81,6,1.038395
810,2,2,2,7,0,9,80,6,1.038395
811,1,1,1,10,0,10,19,5,1.535093
812,1,2,1,5,0,10,54,5,0.907596
813,2,2,2,8,0,8,71,-2,0.999996
814,1,1,1,9,0,8,47,-2,0.999996
815,1,2,1,9,1,6,62,1,0.225799
816,1,2,1,7,1,5,59,1,0.225799
817,1,2,1,10,0,7,67,3,0.223299
818,1,2,1,7,1,5,66,1,0.279999
819,1,3,1,8,0,8,36,1,0.250999
820,1,2,1,9,0,10,41,1,0.553998
821,2,2,1,7,0,6,58,1,0.375598
822,1,1,1,9,0,7,49,1,0.250999
823,1,2,1,8,1,7,66,1,0.190699
824,2,2,1,8,0,7,56,1,0.225799
825,1,3,1,10,0,10,78,1,0.190699
826,2,1,1,7,0,3,67,1,0.190699
827,1,2,1,10,0,7,66,1,0.279999
828,1,2,1,8,0,8,36,1,0.250999
829,1,1,1,8,0,7,64,6,0.155399
830,3,2,2,5,0,4,58,6,0.155399
831,1,1,1,10,0,-1,48,6,0.217199
832,1,1,-2,7,0,8,61,6,0.155399
833,1,2,1,8,1,8,73,6,0.192599
834,1,1,2,8,0,10,26,-2,0.999996
835,1,1,1,9,2,7,22,-2,0.999996
836,1,1,1,9,0,7,66,6,0.192599
837,2,2,1,7,0,7,33,-2,0.999996
838,1,1,1,9,0,9,51,3,1.029595
839,1,2,1,6,0,8,56,3,1.029595
840,1,1,2,9,0,9,49,6,0.968196
841,2,1,2,8,1,5,22,6,0.555398
842,2,3,1,4,0,9,37,6,0.968196
843,2,1,1,9,0,8,30,6,1.563193
844,1,1,2,10,0,8,24,7,1.650493
845,1,1,1,10,0,9,83,7,2.004991
846,2,2,3,8,0,5,33,7,0.896496
847,1,3,1,8,0,7,77,7,1.621093
848,1,1,1,8,0,8,85,7,1.621093
849,1,2,1,9,0,10,25,7,1.895691
850,1,2,1,10,1,10,50,7,1.628893
851,1,1,1,7,0,9,36,7,1.695492
852,1,2,1,9,0,8,50,7,1.628893
853,1,1,1,10,0,3,52,8,1.305394
854,2,3,1,7,0,8,47,8,0.745397
855,2,2,1,3,0,5,35,8,0.745397
856,2,1,1,8,2,7,44,8,0.745397
857,1,1,2,9,0,6,26,7,0.800096
858,1,3,2,7,0,10,70,2,0.279999
859,2,1,1,8,0,9,33,2,0.563797
860,1,2,2,8,0,8,85,2,0.190699
861,2,2,1,7,0,7,62,2,0.225799
862,2,1,1,7,0,10,65,2,0.279999
863,1,3,2,8,0,10,57,2,0.999996
864,2,2,1,4,0,10,31,2,0.548598
865,2,2,1,8,0,9,56,2,0.375598
866,2,1,2,6,0,8,28,3,0.333798
867,2,3,2,8,0,10,70,3,0.192599
868,2,3,1,8,0,10,77,3,0.192599
869,2,4,1,4,0,10,51,3,0.237499
870,2,1,1,8,0,10,19,3,0.241499
871,2,2,2,9,0,9,56,3,0.237499
872,1,3,1,9,0,8,73,3,0.192599
873,1,1,2,9,0,8,28,8,2.873487
874,2,4,2,2,0,6,48,8,0.833896
875,-2,1,1,9,0,5,57,8,1.266694
876,2,2,1,8,0,7,28,5,0.318699
877,1,1,2,10,0,4,58,5,0.352598
878,2,3,1,8,0,5,55,5,0.438798
879,2,4,2,8,0,3,56,2,2.402889
880,2,1,3,8,0,2,52,3,0.352598
881,1,2,2,8,0,7,44,3,0.309199
882,1,1,1,10,0,9,43,3,0.339698
883,1,2,1,8,0,7,66,2,3.705383
884,2,3,2,7,2,5,66,2,5.072377
885,2,4,3,10,0,10,84,5,0.257199
886,1,1,2,10,0,1,67,5,0.257199
887,2,2,2,10,0,10,75,5,0.257199
888,2,2,1,10,0,5,72,5,0.257199
889,1,2,2,10,0,10,25,5,0.782296
890,1,1,2,9,0,5,63,7,1.666693
891,1,2,2,9,0,5,65,7,1.554193
892,2,4,2,8,0,3,75,7,1.554193
893,2,2,2,7,0,7,59,7,1.666693
894,1,3,2,10,0,5,77,7,1.554193
895,1,3,1,10,0,5,81,7,1.554193
896,1,1,1,10,2,3,60,7,1.266694
897,2,1,1,10,0,9,61,7,1.266694
898,2,2,1,9,0,6,42,3,0.339698
899,1,1,2,10,0,6,43,4,0.309199
900,1,2,1,1,2,9,56,4,0.352598
901,1,3,1,9,0,6,76,4,0.264599
902,1,3,1,9,0,3,76,4,0.257199
903,2,2,1,10,1,6,63,3,0.352598
904,2,1,1,9,0,5,33,7,0.800096
905,3,3,3,6,0,7,67,7,1.554193
906,2,2,1,7,0,6,57,7,1.666693
907,1,2,1,9,0,8,37,7,0.833896
908,1,1,1,8,0,7,46,8,0.833896
909,1,1,2,10,0,5,33,8,2.873487
910,2,3,1,6,0,6,58,5,0.438798
911,1,1,1,10,0,5,51,1,2.402889
912,1,1,2,10,0,6,74,1,3.705383
913,1,1,1,10,2,7,50,1,2.402889
914,1,1,1,9,2,3,19,1,6.143072
915,2,2,2,5,0,7,46,1,2.996487
916,2,3,3,8,0,8,47,8,0.833896
917,1,1,2,8,0,6,32,8,0.800096
918,1,2,1,10,0,5,44,8,0.833896
919,2,3,2,9,0,7,63,8,1.266694
920,1,1,1,9,0,5,63,7,1.266694
921,2,2,1,7,0,5,47,7,0.833896
922,2,2,1,8,0,7,31,7,0.800096
923,2,3,2,5,0,3,42,7,0.833896
924,2,2,1,8,0,8,23,7,1.425094
925,1,2,2,9,-2,2,57,7,1.266694
926,1,2,1,9,0,8,63,7,1.666693
927,1,1,3,8,0,6,74,7,1.426194
928,2,3,3,8,0,10,36,8,0.833896
929,1,1,1,2,0,2,58,1,0.225799
930,1,2,1,8,0,8,75,1,0.190699
931,2,1,1,7,0,8,39,1,0.250999
932,1,2,1,8,0,8,46,1,0.250999
933,1,3,1,7,0,2,42,1,0.553998
934,1,1,1,10,0,10,74,1,0.190699
935,1,3,1,10,0,8,68,1,0.190699
936,2,2,2,8,0,8,71,6,0.223299
937,1,2,1,10,0,8,24,6,0.241499
938,2,3,1,8,0,6,26,6,0.186299
939,1,2,2,9,0,6,18,6,0.231599
940,1,1,1,10,0,9,23,6,0.241499
941,1,1,2,9,0,8,49,6,0.217199
942,2,2,1,8,0,6,78,6,0.192599
943,1,1,1,10,2,5,60,6,0.155399
944,1,2,1,8,0,6,58,6,0.237499
945,2,2,1,5,0,7,23,6,0.231599
946,1,2,2,8,0,8,29,6,0.186299
947,1,1,2,10,0,6,36,6,0.305299
948,1,2,1,10,0,8,25,6,0.186299
949,2,3,1,4,0,1,46,6,0.305299
950,2,3,1,7,0,3,78,6,0.223299
951,2,2,1,7,0,7,29,6,0.186299
952,1,3,1,10,0,1,61,4,0.155399
953,1,3,1,10,0,8,61,3,0.155399
954,1,4,1,10,0,1,48,3,0.217199
955,1,3,1,10,0,10,89,3,0.192599
956,2,2,1,8,0,10,-2,3,0.999996
957,1,2,2,6,0,7,31,4,0.186299
958,1,1,1,10,0,10,68,2,0.279999
959,1,1,1,10,0,8,65,3,0.223299
960,2,1,1,10,0,9,67,2,0.190699
961,1,3,2,10,0,3,78,2,0.190699
962,1,1,1,9,0,6,43,2,0.553998
963,1,1,1,10,0,10,44,2,0.250999
964,1,2,1,7,0,8,81,2,0.279999
965,2,1,1,8,0,10,63,2,0.225799
966,2,1,1,9,0,9,66,2,0.279999
967,1,1,1,10,0,10,66,2,0.190699
968,2,2,1,7,0,7,49,5,0.217199
969,2,1,2,7,0,8,74,5,0.192599
970,2,3,1,7,0,9,54,5,0.237499
971,2,2,1,8,0,8,54,5,0.155399
972,1,1,2,10,0,10,47,5,0.305299
973,2,1,1,9,0,9,41,5,0.305299
974,1,1,1,10,0,9,42,5,0.217199
975,2,2,3,7,0,7,50,5,0.237499
976,2,2,1,8,0,7,20,-2,0.999996
977,1,1,1,9,0,8,29,5,0.333798
978,2,1,1,7,0,8,63,2,0.225799
979,3,4,1,3,0,5,48,2,0.250999
980,2,2,2,3,1,6,40,2,0.250999
981,2,2,1,10,1,10,64,2,0.375598
982,2,3,1,8,0,7,43,2,0.250999
983,1,1,2,9,0,7,61,2,0.375598
984,1,1,2,9,0,10,52,2,0.375598
985,1,2,1,5,0,8,68,1,0.190699
986,1,1,1,9,0,7,78,1,0.190699
987,2,2,1,8,0,8,48,1,0.250999
988,1,3,1,6,0,-1,68,1,0.279999
989,1,1,1,10,0,7,60,1,0.225799
990,2,2,1,8,0,-1,65,1,0.279999
991,1,2,2,8,0,6,47,1,0.553998
992,2,1,1,9,0,7,48,1,0.250999
993,1,1,1,9,0,8,31,1,0.563797
994,2,2,1,6,1,8,57,3,0.737497
995,1,1,2,9,0,8,36,7,1.695492
996,1,2,1,8,0,10,55,7,1.693892
997,1,1,1,-2,0,7,34,7,2.045991
998,1,1,1,10,0,7,37,6,0.217199
999,2,3,1,6,0,8,57,5,0.237499
1000,1,1,1,7,0,8,34,6,0.186299
1001,1,1,1,8,0,8,77,5,0.223299
1002,1,1,1,9,0,9,56,5,0.237499
1003,1,1,1,9,0,8,54,5,0.155399
1004,2,1,1,8,0,10,22,5,0.241499
1005,2,2,1,8,0,7,86,2,0.190699
1006,1,2,1,8,1,8,35,2,0.250999
1007,2,2,3,4,0,7,30,2,0.548598
1008,1,3,1,7,0,10,60,2,0.225799
1009,1,1,1,10,0,10,73,2,0.279999
1010,1,1,1,8,0,10,43,2,0.250999
1011,1,3,1,8,0,8,45,1,0.250999
1012,2,3,2,4,0,6,42,1,0.250999
1013,1,1,1,10,2,8,57,1,0.225799
1014,1,2,1,7,0,8,32,1,0.548598
1015,1,3,2,10,0,10,52,1,0.225799
1016,1,3,1,9,0,10,80,1,0.190699
1017,1,1,2,10,1,6,42,7,0.833896
1018,2,2,1,8,0,-1,36,7,0.833896
1019,2,1,2,8,1,3,27,7,2.873487
1020,1,2,1,4,0,10,65,7,1.426194
1021,2,1,2,8,0,9,55,1,1.258294
1022,2,4,2,10,0,1,61,1,1.258294
1023,2,2,1,8,0,7,60,1,1.474093
1024,2,2,1,7,0,7,19,1,1.264294
1025,2,3,3,6,0,6,73,1,0.842796
1026,3,4,1,2,0,5,67,1,0.842796
1027,1,2,1,5,0,-1,71,1,1.841692
1028,1,1,1,10,0,9,64,1,5.043678
1029,2,3,1,7,2,5,38,1,5.386776
1030,1,1,1,10,0,7,20,1,1.564493
1031,2,3,1,7,2,7,40,1,1.818692
1032,1,2,1,8,0,9,37,1,1.818692
1033,2,3,1,7,0,8,58,2,0.225799
1034,2,3,2,2,0,7,85,2,0.279999
1035,1,2,1,8,0,8,88,2,0.190699
1036,2,2,1,8,0,8,43,2,0.250999
1037,2,2,1,5,0,7,41,2,0.553998
1038,2,2,2,5,0,8,52,2,0.375598
1039,1,1,2,10,0,8,35,1,0.250999
1040,1,1,1,9,0,7,46,3,0.217199
1041,2,1,2,7,0,1,42,3,0.305299
1042,2,4,1,8,0,6,61,3,0.237499
1043,1,2,1,8,1,5,68,3,0.192599
1044,1,2,2,10,0,7,51,3,0.155399
1045,1,3,2,10,0,9,43,1,0.553998
1046,1,1,1,7,0,4,36,1,0.553998
1047,2,2,1,7,0,-1,46,1,0.250999
1048,1,3,1,8,0,10,73,1,0.279999
1049,1,2,1,10,0,2,54,1,0.375598
1050,1,2,1,9,-1,8,58,1,0.225799
1051,1,2,1,8,1,9,27,7,0.896496
1052,2,2,1,8,1,8,31,7,0.896496
1053,1,1,2,9,1,7,44,7,0.745397
1054,1,1,2,8,0,8,44,7,0.745397
1055,2,2,1,8,0,7,42,8,1.899091
1056,1,1,1,9,0,7,64,8,1.693892
1057,1,1,1,8,0,9,35,8,1.899091
1058,1,1,1,8,0,9,22,8,1.646893
1059,2,2,1,7,0,6,35,8,1.899091
1060,1,1,1,9,0,9,41,7,1.899091
1061,2,1,1,8,0,9,50,7,1.693892
1062,1,2,2,9,0,9,52,7,1.628893
1063,1,2,1,9,0,7,21,6,1.231394
1064,4,4,1,5,0,9,45,7,1.899091
1065,1,2,1,9,0,8,45,7,1.899091
1066,2,2,1,10,0,10,49,1,0.553998
1067,1,2,1,10,2,10,54,1,0.225799
1068,1,2,1,10,0,8,42,1,0.250999
1069,1,1,1,8,0,8,37,1,0.553998
1070,2,2,2,9,0,6,44,1,0.250999
1071,2,3,2,6,0,9,48,1,0.553998
1072,1,2,1,9,1,8,60,3,0.237499
1073,2,3,1,8,0,9,18,3,0.241499
1074,2,2,1,8,0,7,48,3,0.305299
1075,2,2,1,8,1,8,45,3,0.305299
1076,1,1,1,8,0,10,80,5,0.223299
1077,1,1,1,8,0,4,50,5,0.155399
1078,2,3,1,5,0,7,45,5,0.217199
1079,1,1,1,8,0,8,57,5,0.155399
1080,1,2,1,8,0,8,78,5,0.192599
1081,1,4,1,10,0,8,62,5,0.155399
1082,1,3,2,10,0,8,81,5,0.223299
1083,1,1,1,10,0,10,69,5,0.192599
1084,2,2,1,8,0,8,54,5,0.155399
1085,2,1,1,10,0,8,47,5,0.305299
1086,3,3,1,5,0,8,73,5,0.192599
1087,2,1,1,8,0,9,23,5,0.231599
1088,2,1,1,9,0,9,66,5,0.192599
1089,1,1,1,8,0,7,29,5,0.186299
1090,2,4,1,6,0,9,39,5,0.607697
1091,2,1,2,8,0,6,42,5,0.968196
1092,1,2,1,9,0,6,37,5,0.968196
1093,1,1,2,8,0,10,52,5,0.737497
1094,2,2,2,8,0,5,37,5,0.968196
1095,2,3,2,8,1,9,44,5,0.968196
1096,3,2,2,3,0,5,70,1,0.190699
1097,1,3,1,3,0,1,67,1,0.190699
1098,2,2,1,8,1,4,29,1,0.548598
1099,1,1,1,8,0,3,60,1,0.225799
1100,1,1,1,10,0,4,66,1,0.190699
1101,2,1,1,8,0,6,52,1,0.375598
1102,3,2,1,4,0,8,44,1,0.250999
1103,1,1,3,8,0,8,23,1,0.765697
1104,3,3,1,5,0,3,58,1,0.225799
1105,1,1,2,6,0,6,74,1,0.190699
1106,2,2,1,5,0,7,53,1,0.375598
1107,2,1,1,9,0,7,50,1,0.375598
1108,2,4,1,8,2,5,43,1,0.250999
1109,2,1,1,8,0,7,62,1,0.375598
1110,1,4,1,8,0,7,58,1,0.375598
1111,1,2,2,10,0,8,67,1,0.190699
1112,2,2,1,8,0,7,59,1,0.225799
1113,1,2,1,10,0,5,72,1,0.190699
1114,2,1,1,9,0,10,71,1,0.190699
1115,1,1,1,10,0,8,45,1,0.250999
1116,2,1,1,10,0,8,58,1,0.375598
1117,2,2,1,7,0,7,48,1,0.553998
1118,1,2,1,9,0,4,39,1,0.250999
1119,1,1,1,9,0,7,52,1,0.375598
1120,2,2,2,8,0,9,27,1,0.563797
1121,1,3,2,8,0,10,36,2,0.250999
1122,1,1,2,10,0,10,27,2,0.563797
1123,2,2,2,9,0,10,59,2,0.375598
1124,2,2,1,8,2,10,42,2,0.553998
1125,2,1,1,8,0,10,72,2,0.190699
1126,2,-1,1,8,0,9,43,1,0.784196
1127,1,2,1,7,0,5,71,1,0.559897
1128,2,1,1,7,0,7,19,1,1.399694
1129,2,1,1,8,0,8,42,1,0.784196
1130,2,3,2,5,0,6,55,1,1.258294
1131,3,3,2,5,0,7,41,1,0.784196
1132,1,2,1,9,2,7,19,1,1.399694
1133,2,2,2,10,0,8,57,1,1.258294
1134,2,3,2,6,0,4,22,1,1.264294
1135,2,3,1,7,0,6,26,1,0.824496
1136,1,1,1,10,0,8,41,1,0.784196
1137,1,1,2,9,0,7,37,5,0.704697
1138,1,2,1,9,1,1,23,7,1.009195
1139,2,3,1,8,0,6,56,5,0.910496
1140,1,2,1,10,2,4,60,5,0.428498
1141,2,3,1,8,0,8,76,4,1.164195
1142,2,3,1,8,0,8,82,4,1.038395
1143,1,2,1,9,1,7,28,8,0.896496
1144,2,1,1,5,1,3,29,8,0.896496
1145,2,2,2,7,0,9,41,8,0.745397
1146,2,1,1,8,0,5,41,8,1.651593
1147,2,2,2,8,0,6,27,8,0.896496
1148,1,1,2,9,1,8,22,7,0.292799
1149,3,2,1,4,0,7,39,7,0.311299
1150,2,2,1,6,1,8,40,7,0.223099
1151,2,1,1,8,0,7,45,7,0.223099
1152,1,1,1,9,2,10,31,7,0.281099
1153,2,1,1,8,2,7,41,1,0.784196
1154,2,3,2,7,1,5,49,1,0.784196
1155,2,3,1,8,0,4,46,1,2.835987
1156,2,2,3,7,0,5,25,1,0.824496
1157,2,2,1,5,0,3,72,1,0.559897
1158,2,1,1,8,0,8,42,1,2.835987
1159,1,2,1,8,0,8,59,8,1.305394
1160,1,1,1,8,0,7,58,8,1.305394
1161,1,1,1,8,0,9,29,8,1.635793
1162,1,2,1,6,1,6,47,8,0.745397
1163,1,1,1,8,0,9,42,8,0.745397
1164,2,2,1,7,0,8,49,8,1.651593
1165,2,2,2,6,0,7,25,8,1.635793
1166,2,2,1,6,0,9,26,8,1.635793
1167,1,1,1,9,0,10,42,8,1.651593
1168,2,1,1,7,1,9,19,8,1.009195
1169,2,2,1,7,1,7,45,8,0.745397
1170,1,1,1,9,0,9,49,8,1.651593
1171,2,1,1,9,2,6,22,7,2.625788
1172,1,1,1,8,0,5,60,7,3.376685
1173,1,1,1,9,1,9,49,7,1.651593
1174,2,3,2,7,1,7,19,7,2.625788
1175,1,2,1,7,0,7,28,7,1.635793
1176,2,2,2,6,0,8,40,7,0.745397
1177,2,4,2,7,0,7,42,7,0.745397
1178,2,3,1,8,0,4,90,7,0.895196
1179,1,4,2,5,0,4,66,7,0.895196
1180,2,1,2,8,0,9,37,7,1.651593
1181,1,1,1,8,0,6,44,8,0.745397
1182,2,2,1,8,0,10,23,8,1.009195
1183,2,2,2,7,0,10,45,8,0.745397
1184,1,1,2,7,1,8,23,8,2.625788
1185,2,1,3,8,1,8,22,8,1.009195
1186,2,2,1,6,0,7,42,8,1.651593
1187,2,1,2,6,0,9,55,8,3.376685
1188,1,1,1,10,0,9,94,7,2.004991
1189,1,1,1,10,0,8,67,7,1.621093
1190,2,1,2,8,0,7,47,7,1.695492
1191,1,1,1,9,1,6,-2,7,0.999996
1192,1,1,2,10,2,9,43,8,1.651593
1193,2,2,1,8,0,8,42,8,0.745397
1194,1,2,2,7,0,9,30,8,1.635793
1195,3,3,2,6,2,6,51,8,3.376685
1196,1,2,1,8,0,7,39,8,0.745397
1197,1,1,2,8,0,5,19,8,2.625788
1198,2,1,1,8,0,5,25,7,0.896496
1199,2,2,1,7,0,7,48,8,0.745397
1200,2,1,1,8,0,8,59,8,1.305394
1201,2,1,2,10,0,10,68,8,1.303994
1202,2,2,1,7,1,5,44,8,0.745397
1203,2,2,1,8,0,5,54,4,0.428498
1204,1,2,1,9,0,8,68,4,1.164195
1205,1,1,1,8,0,8,62,4,0.428498
1206,1,3,1,9,0,3,52,5,0.428498
1207,1,1,1,9,0,8,60,6,0.428498
1208,2,2,1,6,0,7,26,4,0.951096
1209,2,3,3,7,0,7,45,5,0.339698
1210,1,2,2,10,0,5,48,-2,0.999996
1211,2,1,1,6,0,6,42,8,0.833896
1212,2,1,1,7,0,9,70,5,0.264599
1213,1,2,1,10,0,5,65,3,0.257199
1214,2,1,2,8,0,5,19,5,0.345998
1215,3,1,1,4,-2,2,18,5,0.345998
1216,2,1,1,7,0,2,48,8,0.833896
1217,1,1,2,8,0,10,70,8,1.426194
1218,2,3,2,7,0,5,-2,8,0.999996
1219,2,2,1,7,0,6,52,8,1.266694
1220,2,1,2,9,0,6,36,8,3.388785
1221,2,2,1,4,0,3,51,3,0.352598
1222,1,2,1,10,0,5,60,3,0.438798
1223,1,2,2,7,0,9,47,3,0.339698
1224,2,1,1,8,0,9,54,5,0.352598
1225,1,2,1,9,1,6,30,7,0.800096
1226,2,2,1,8,0,6,18,7,1.425094
1227,1,1,1,8,0,7,38,5,0.309199
1228,1,4,1,4,0,5,44,5,0.339698
1229,1,1,1,10,0,8,41,6,0.309199
1230,2,1,1,8,0,3,43,6,0.309199
1231,2,1,2,9,0,5,39,5,0.339698
1232,1,1,2,10,0,7,42,-2,0.999996
1233,2,1,2,7,0,8,37,5,0.309199
1234,1,1,2,9,0,8,38,5,0.309199
1235,2,2,2,9,0,6,57,5,0.352598
1236,1,2,2,10,0,8,45,8,0.833896
1237,1,1,1,8,0,8,52,2,2.402889
1238,2,1,2,9,0,7,62,2,2.402889
1239,2,2,2,8,0,7,83,3,0.257199
1240,1,2,2,6,0,5,61,3,0.438798
1241,1,2,2,8,0,8,23,4,0.267499
1242,1,1,2,8,0,9,39,4,0.339698
1243,1,1,2,9,0,9,46,4,0.309199
1244,1,1,1,8,0,5,48,4,0.309199
1245,1,2,1,9,0,9,39,4,0.309199
1246,2,2,1,7,0,7,35,4,0.339698
1247,2,2,1,7,0,5,21,4,0.267499
1248,2,2,1,7,0,6,49,4,0.339698
1249,2,3,1,8,0,8,53,4,0.438798
1250,2,2,2,7,0,5,63,4,0.438798
1251,2,2,2,4,0,5,40,2,2.996487
1252,2,1,1,5,0,8,56,5,0.438798
1253,2,1,2,8,0,6,43,5,0.309199
1254,1,2,1,10,0,5,19,5,0.345998
1255,2,1,1,8,0,10,33,5,0.318699
1256,2,1,2,4,0,7,55,5,0.438798
1257,1,1,1,8,1,6,27,5,0.318699
1258,2,4,1,8,0,5,42,8,3.388785
1259,2,4,1,5,0,-1,40,7,0.833896
1260,2,2,2,8,0,2,42,7,0.833896
1261,1,2,1,9,0,9,18,7,1.082595
1262,1,2,2,8,0,10,38,8,3.388785
1263,1,1,1,9,1,8,70,6,0.264599
1264,1,2,1,9,0,8,21,8,1.082595
1265,2,2,1,8,0,9,75,5,0.257199
1266,1,1,1,10,1,5,64,6,0.438798
1267,1,1,1,10,0,8,32,7,1.460493
1268,1,2,1,8,0,9,54,7,0.763597
1269,2,2,2,8,0,10,49,7,1.241794
1270,2,2,1,7,0,9,30,7,1.460493
1271,1,2,1,10,0,9,70,8,1.340794
1272,1,1,1,10,0,9,32,4,0.186299
1273,1,2,1,7,0,8,22,4,0.241499
1274,1,2,2,10,0,8,-2,-2,0.999996
1275,1,3,1,1,0,5,79,4,0.192599
1276,1,3,1,10,0,9,77,7,0.310999
1277,1,1,1,8,0,9,18,6,0.231599
1278,1,1,1,10,0,10,44,7,0.223099
1279,1,3,1,8,0,8,60,7,0.454198
1280,2,1,1,8,1,8,35,6,0.217199
1281,2,4,2,10,0,8,20,6,0.241499
1282,1,1,1,10,0,8,58,1,0.225799
1283,1,3,1,10,0,9,69,1,0.190699
1284,1,1,1,10,0,6,62,1,0.225799
1285,3,3,2,7,0,5,44,1,0.250999
1286,1,2,1,7,2,8,20,1,0.796396
1287,2,3,2,7,0,8,65,5,0.223299
1288,1,3,1,9,0,9,50,5,0.237499
1289,2,2,2,7,0,8,40,5,0.217199
1290,2,1,1,8,0,9,42,5,0.305299
1291,3,1,1,6,0,7,45,5,0.217199
1292,1,1,1,9,0,8,28,5,0.186299
1293,2,1,2,7,0,8,21,5,0.241499
1294,1,1,1,10,0,8,48,5,0.305299
1295,2,2,1,6,0,8,27,5,0.186299
1296,2,2,2,8,0,4,85,5,0.223299
1297,1,3,1,2,0,8,68,7,0.825596
1298,1,2,1,9,0,9,23,7,0.779597
1299,1,2,3,8,0,9,27,6,0.708097
1300,-1,3,2,7,0,8,24,7,0.779597
1301,1,1,1,7,2,8,61,3,0.488398
1302,1,1,1,8,2,9,35,7,1.634393
1303,1,2,2,8,0,8,55,6,0.488398
1304,2,1,1,7,1,6,26,6,1.314894
1305,2,2,1,8,1,8,69,7,0.825596
1306,2,3,2,7,0,7,53,6,0.907596
1307,1,1,1,9,2,9,59,1,1.474093
1308,2,2,2,7,0,6,54,1,1.474093
1309,2,1,1,9,0,7,31,1,0.824496
1310,2,1,1,2,0,9,52,1,1.258294
1311,2,2,1,8,0,6,60,1,1.474093
1312,1,2,1,8,0,8,67,1,0.559897
1313,1,1,1,8,0,6,62,3,0.488398
1314,2,2,1,8,0,7,48,3,0.471098
1315,1,1,3,10,0,6,39,3,1.299894
1316,2,3,1,8,0,5,43,4,0.471098
1317,2,3,1,5,1,3,49,7,1.634393
1318,1,1,1,8,1,10,69,7,0.825596
1319,2,1,1,6,0,10,65,7,0.825596
1320,1,1,1,10,0,10,44,7,1.241794
1321,1,1,1,10,1,8,34,7,1.460493
1322,2,3,2,7,0,2,45,7,1.634393
1323,1,1,2,9,0,8,63,4,0.907596
1324,2,2,2,9,0,7,51,7,0.763597
1325,2,1,2,8,0,8,42,8,1.899091
1326,2,2,2,8,0,6,44,8,1.695492
1327,1,1,1,8,0,7,41,6,0.704697
1328,1,1,1,9,0,9,46,7,0.745397
1329,1,2,2,10,0,10,68,1,0.842796
1330,2,2,2,7,0,6,53,-2,0.999996
1331,1,1,1,9,0,10,37,1,0.784196
1332,2,1,3,8,1,7,74,1,0.559897
1333,2,1,2,9,0,7,39,1,0.784196
1334,2,2,2,10,0,7,32,1,6.474871
1335,2,1,1,10,0,6,58,1,1.474093
1336,1,1,1,10,0,7,38,5,1.299894
1337,1,1,2,8,0,7,35,6,0.471098
1338,1,3,2,10,0,10,61,5,0.907596
1339,2,3,2,7,2,5,22,8,1.425094
1340,3,2,2,3,0,4,35,8,0.833896
1341,2,2,2,8,0,7,23,8,1.425094
1342,1,1,1,10,0,6,31,8,0.800096
1343,2,1,2,5,0,6,53,8,1.266694
1344,1,2,3,8,0,8,35,8,0.833896
1345,2,1,1,8,0,9,32,7,0.281099
1346,2,1,1,5,0,8,28,6,0.333798
1347,2,2,2,7,0,6,25,7,0.281099
1348,2,1,2,8,0,7,29,7,0.640797
1349,2,1,1,9,0,8,30,7,0.281099
1350,2,2,2,8,2,4,30,8,1.521493
1351,2,3,1,9,0,8,80,8,1.340794
1352,2,2,2,2,0,6,84,8,0.825596
1353,2,2,1,6,0,4,43,8,1.634393
1354,1,2,2,10,0,5,67,-2,0.999996
1355,2,2,1,9,0,8,72,-2,0.999996
1356,1,1,1,10,0,8,72,8,0.825596
1357,2,2,2,6,0,9,44,8,1.241794
1358,2,2,1,8,0,8,72,8,0.825596
1359,2,2,1,9,0,8,25,8,1.521493
1360,2,2,1,8,0,8,57,8,0.763597
1361,2,2,1,10,0,9,56,8,0.763597
1362,2,2,2,8,0,10,52,8,0.763597
1363,1,1,1,8,0,8,36,7,1.241794
1364,2,1,1,7,0,9,18,7,1.003696
1365,2,1,1,7,0,7,46,7,1.634393
1366,2,1,1,8,0,7,22,8,0.779597
1367,2,2,1,8,0,9,45,8,1.241794
1368,2,3,1,8,0,6,55,8,0.763597
1369,1,1,1,9,0,9,38,8,1.241794
1370,2,2,1,8,0,8,30,8,1.460493
1371,1,1,1,8,0,9,51,8,2.512489
1372,1,2,1,7,0,7,45,8,1.634393
1373,2,2,1,8,1,5,55,8,2.512489
1374,1,1,1,10,0,9,18,8,1.003696
1375,1,1,1,9,1,6,20,8,1.003696
1376,1,2,1,9,0,9,64,8,0.763597
1377,3,1,2,6,0,7,28,8,1.521493
1378,2,3,2,8,0,8,25,8,1.460493
1379,2,1,2,8,1,6,38,8,1.241794
1380,1,2,1,9,0,8,78,2,4.43438
1381,2,3,1,8,0,4,69,3,0.763297
1382,2,4,2,7,0,7,22,7,0.779597
1383,1,2,2,8,0,7,40,7,1.634393
1384,2,3,1,8,0,5,19,7,0.779597
1385,2,1,1,8,0,7,23,7,1.003696
1386,2,3,1,7,0,8,42,7,1.634393
1387,1,3,3,9,0,7,77,8,1.340794
1388,2,3,2,6,0,7,47,8,1.241794
1389,1,1,1,7,2,6,19,8,0.779597
1390,2,1,2,8,1,2,19,8,1.003696
1391,1,1,1,7,2,8,56,8,2.512489
1392,1,2,1,2,2,6,26,7,1.460493
1393,2,1,2,7,1,9,40,7,1.634393
1394,1,1,2,8,0,7,42,7,1.634393
1395,1,4,1,7,2,8,24,7,0.779597
1396,2,1,2,8,0,9,57,7,2.512489
1397,1,1,1,8,0,7,68,7,1.340794
1398,2,2,1,8,2,6,44,7,1.241794
1399,1,1,1,7,0,5,38,6,0.471098
1400,2,1,1,6,0,8,29,6,0.708097
1401,1,1,1,8,2,3,49,6,0.471098
1402,2,2,1,8,0,8,67,6,0.672697
1403,1,1,1,10,0,8,81,6,1.028695
1404,1,2,1,10,0,8,53,6,0.737497
1405,2,1,2,8,0,5,18,7,0.779597
1406,2,2,2,8,0,6,46,7,1.241794
1407,1,3,2,7,0,8,49,7,1.241794
1408,2,2,1,8,0,8,20,8,1.003696
1409,2,1,1,7,0,8,36,8,1.899091
1410,1,1,1,9,1,6,54,8,1.628893
1411,2,2,2,8,0,8,50,8,1.693892
1412,2,4,1,8,0,9,87,8,2.004991
1413,2,4,2,5,0,2,-2,8,0.999996
1414,2,2,1,7,0,7,58,8,1.628893
1415,1,1,1,8,1,7,20,7,1.650493
1416,2,2,1,8,1,7,17,7,1.650493
1417,1,2,1,9,1,8,62,7,1.628893
1418,1,2,1,9,1,5,31,7,1.895691
1419,4,2,1,8,0,6,21,7,1.646893
1420,1,1,1,10,1,8,56,7,1.628893
1421,1,1,2,8,0,9,50,3,0.737497
1422,2,1,1,8,1,6,43,3,0.607697
1423,2,2,1,5,-2,6,66,3,1.028695
1424,1,1,1,10,0,10,68,3,0.672697
1425,1,2,1,9,0,9,68,8,1.621093
1426,1,2,1,10,0,8,62,8,1.628893
1427,1,3,1,9,0,9,51,8,1.628893
1428,2,2,1,8,0,9,76,8,2.004991
1429,1,1,1,10,0,7,55,8,1.693892
1430,1,1,1,9,0,7,42,8,1.899091
1431,2,2,1,8,0,8,48,8,1.899091
1432,2,1,1,9,0,8,17,8,1.650493
1433,1,1,1,9,0,7,53,7,0.454198
1434,2,2,2,8,0,10,68,7,0.310999
1435,3,1,1,7,0,8,36,7,0.223099
1436,2,3,1,7,0,7,21,7,0.292799
1437,1,2,1,8,0,8,66,7,0.310999
1438,1,1,1,9,0,7,65,7,1.343494
1439,3,3,1,4,0,1,45,6,0.217199
1440,1,1,1,10,0,8,47,7,0.223099
1441,1,2,1,8,1,6,40,7,0.223099
1442,3,3,1,8,0,4,56,6,0.237499
1443,2,1,1,8,2,5,33,7,0.281099
1444,3,3,1,5,0,6,45,6,0.305299
1445,2,2,2,8,0,7,31,2,1.399794
1446,2,2,1,7,0,7,45,2,2.995487
1447,1,2,1,8,0,6,47,-2,0.999996
1448,1,1,3,8,0,7,56,2,3.030087
1449,1,1,1,9,0,7,22,1,1.836892
1450,2,1,1,8,0,7,38,3,0.309199
1451,2,2,2,8,0,7,57,3,0.352598
1452,2,2,1,7,0,7,43,3,0.339698
1453,2,2,1,6,0,7,37,3,0.339698
1454,2,1,1,8,0,8,38,3,0.309199
1455,1,1,2,-2,0,5,35,7,3.388785
1456,1,2,2,10,0,8,59,7,1.666693
1457,2,2,2,7,0,5,51,7,1.666693
1458,2,2,2,8,0,8,52,7,1.666693
1459,1,1,2,9,0,5,62,7,1.266694
1460,1,2,2,6,0,1,35,7,0.833896
1461,1,2,1,9,1,10,78,1,3.705383
1462,2,2,2,7,0,5,44,-2,0.999996
1463,1,2,3,9,0,2,76,-2,0.999996
1464,1,2,1,10,0,1,31,2,1.399794
1465,2,2,2,8,0,10,77,5,0.257199
1466,2,3,1,7,0,10,79,5,0.257199
1467,1,1,1,9,0,10,62,5,0.352598
1468,2,2,1,9,0,10,71,5,0.264599
1469,2,2,2,10,0,10,62,5,0.352598
1470,3,1,1,8,0,6,56,2,3.030087
1471,2,1,2,7,0,7,60,2,2.402889
1472,1,1,1,9,0,8,33,3,0.782296
1473,1,2,1,9,0,8,66,7,1.554193
1474,2,2,1,7,1,3,19,7,1.425094
1475,2,1,2,7,0,7,50,7,1.266694
1476,2,2,2,8,2,9,47,7,0.833896
1477,2,2,1,7,1,5,25,7,0.800096
1478,2,1,2,8,0,7,55,7,1.666693
1479,2,1,2,7,0,6,53,7,1.266694
1480,1,1,1,9,0,6,52,7,1.266694
1481,1,1,3,10,0,10,40,7,3.388785
1482,2,3,1,7,0,8,80,1,0.190699
1483,2,1,1,7,0,9,67,1,0.190699
1484,1,1,1,9,0,9,55,1,0.375598
1485,1,1,1,10,0,10,60,1,0.225799
1486,2,2,1,9,0,10,60,1,0.375598
1487,2,1,1,8,0,10,47,1,0.553998
1488,2,2,1,8,0,9,45,4,0.309199
1489,1,2,2,9,0,7,38,3,0.309199
1490,1,1,1,9,1,9,62,3,0.438798
1491,1,2,2,8,0,10,45,3,0.309199
1492,1,2,1,8,0,9,72,3,0.264599
1493,2,1,2,1,0,7,39,3,0.309199
1494,1,1,1,8,0,7,50,3,0.352598
1495,1,1,1,7,0,5,41,8,0.833896
1496,1,2,1,8,0,5,19,8,1.082595
1497,2,1,2,8,0,5,32,8,0.800096
1498,2,2,2,7,0,8,43,8,0.833896
1499,1,2,1,9,0,9,76,4,0.264599
1500,1,1,1,8,0,6,38,3,0.309199
1501,1,1,1,8,0,5,27,3,0.318699
1502,1,2,2,8,0,6,26,4,0.318699
1503,2,1,2,7,0,7,26,4,0.318699
1504,2,1,2,7,0,7,37,4,0.309199
1505,2,2,2,5,0,7,30,8,0.800096
1506,1,1,2,8,0,7,77,8,1.426194
1507,3,3,1,7,0,5,34,8,2.873487
1508,2,3,1,7,0,-1,26,8,0.800096
1509,2,2,2,8,0,6,38,8,0.833896
1510,1,2,1,7,0,5,28,8,0.800096
1511,1,2,1,10,0,8,-2,-2,0.999996
1512,2,3,1,8,0,10,73,3,0.257199
1513,2,2,1,8,0,10,39,3,0.339698
1514,2,3,1,8,0,10,80,3,0.257199
1515,1,1,1,10,0,10,57,3,0.438798
1516,1,3,1,8,0,9,49,3,0.339698
1517,2,2,1,8,0,9,83,3,0.257199
1518,1,2,2,10,0,10,36,3,0.339698
1519,2,2,2,8,0,10,60,4,0.237499
1520,1,2,1,7,0,9,60,4,0.155399
1521,2,2,3,7,0,10,21,4,0.231599
1522,1,1,1,9,0,10,43,4,0.217199
1523,1,2,1,10,0,10,21,3,0.231599
1524,1,1,1,10,0,10,20,4,0.231599
1525,1,3,3,9,0,10,47,4,0.217199
1526,1,2,1,9,0,8,34,3,0.318699
1527,1,1,1,10,0,6,49,4,0.339698
1528,1,3,1,9,0,7,18,4,0.267499
1529,1,3,1,10,0,10,59,4,0.352598
1530,1,2,2,9,0,8,68,4,0.264599
1531,1,1,2,9,0,6,35,-2,0.999996
1532,2,2,1,6,0,9,78,-2,0.999996
1533,2,3,2,6,0,4,66,-2,0.999996
1534,2,2,1,8,0,9,55,8,0.763597
1535,3,2,2,4,1,3,34,8,1.521493
1536,2,2,2,6,0,5,39,8,1.241794
1537,2,2,1,7,0,5,-2,8,0.999996
1538,2,1,2,9,0,8,24,8,1.003696
1539,-1,2,3,5,0,10,24,8,0.779597
1540,1,3,1,5,0,10,71,8,0.825596
1541,2,3,1,7,0,10,40,8,1.695492
1542,1,1,1,10,0,7,49,8,1.695492
1543,1,2,3,10,0,8,60,1,5.043678
1544,1,2,1,5,0,5,55,1,2.457789
1545,1,1,1,1,0,7,47,4,0.607697
1546,2,1,1,10,0,7,18,1,7.150568
1547,2,2,2,8,0,6,29,1,2.16349
1548,2,1,2,7,0,8,34,1,4.247781
1549,1,1,2,1,0,5,57,1,2.457789
1550,2,3,2,5,0,9,92,1,1.841692
1551,1,2,2,9,0,6,46,1,1.818692
1552,1,1,1,7,0,5,30,2,0.563797
1553,2,2,2,7,0,5,46,2,0.250999
1554,1,1,1,9,0,5,43,2,0.553998
1555,1,2,1,7,0,5,22,2,0.765697
1556,1,1,1,10,0,8,63,1,7.319567
1557,1,2,1,8,0,7,36,4,0.217199
1558,2,2,1,9,0,8,89,4,0.223299
1559,2,1,1,7,0,7,51,3,0.237499
1560,1,3,1,8,0,8,58,1,0.225799
1561,1,1,1,10,1,9,48,1,0.250999
1562,1,3,2,8,0,9,64,1,0.375598
1563,2,1,1,8,0,8,51,1,0.225799
1564,2,1,1,6,0,5,35,1,0.250999
1565,1,1,1,10,0,9,62,1,0.225799
1566,1,1,1,8,0,1,48,1,0.250999
1567,1,1,1,8,0,10,72,1,0.190699
1568,1,2,1,7,1,2,36,7,0.311299
1569,2,2,2,9,0,1,32,7,0.640797
1570,2,1,1,7,1,7,36,7,0.311299
1571,3,3,1,6,0,8,48,7,0.223099
1572,2,3,1,8,0,7,54,7,0.454198
1573,1,3,2,9,0,-1,37,6,0.305299
1574,1,1,1,9,0,7,49,4,0.471098
1575,1,2,2,7,0,9,25,4,1.314894
1576,2,2,1,8,1,4,45,4,0.471098
1577,2,3,1,5,0,8,41,4,1.299894
1578,2,2,1,8,0,7,56,4,0.907596
1579,1,1,2,8,1,7,35,4,1.299894
1580,1,2,1,8,2,8,83,4,0.740497
1581,2,1,1,7,1,5,73,4,0.740497
1582,3,3,1,3,0,7,43,4,0.471098
1583,1,1,1,8,0,7,17,4,1.535093
1584,2,2,1,8,0,7,41,4,0.471098
1585,2,3,2,7,0,8,56,6,0.907596
1586,2,2,1,9,0,8,-2,6,0.999996
1587,2,2,1,8,0,7,52,6,0.907596
1588,1,1,1,8,0,8,39,6,1.299894
1589,2,2,1,8,0,3,35,6,1.299894
1590,2,2,2,8,0,8,55,6,0.907596
1591,2,2,2,8,1,8,27,6,1.314894
1592,2,1,2,5,0,6,28,1,2.555788
1593,1,2,3,7,0,7,62,3,0.488398
1594,1,2,1,10,0,10,46,3,0.607697
1595,2,2,1,8,0,4,36,3,0.607697
1596,3,4,2,3,2,9,51,3,0.910496
1597,2,2,1,8,0,8,29,3,0.951096
1598,1,2,2,8,0,7,29,3,0.951096
1599,2,3,1,7,0,8,46,3,3.015086
1600,2,3,1,7,0,9,33,3,1.181895
1601,2,2,1,4,0,6,51,3,0.428498
1602,1,2,2,7,0,5,36,3,0.704697
1603,2,2,1,5,0,-1,24,8,0.779597
1604,2,1,2,9,0,1,20,8,0.779597
1605,1,2,1,10,0,7,60,8,0.763597
1606,3,3,2,4,0,-1,74,8,0.825596
1607,1,1,2,8,0,8,28,6,0.458198
1608,2,3,1,6,0,6,72,-2,0.999996
1609,1,1,3,7,0,6,25,5,0.458198
1610,1,2,1,8,0,6,31,6,0.458198
1611,2,2,3,7,0,6,66,-2,0.999996
1612,1,2,1,7,0,7,48,6,0.968196
1613,2,3,1,7,0,8,46,2,1.818692
1614,2,1,1,7,0,8,36,3,0.607697
1615,2,1,1,5,2,8,25,2,2.16349
1616,2,2,1,8,1,8,39,2,1.818692
1617,2,1,1,6,0,8,52,8,1.628893
1618,2,1,2,7,0,8,23,8,1.650493
1619,2,-2,1,3,0,7,-2,8,0.999996
1620,1,2,1,7,0,8,41,8,1.695492
1621,1,2,2,8,0,5,35,8,1.899091
1622,1,1,1,9,0,3,19,8,1.650493
1623,1,1,2,9,0,8,58,7,0.204899
1624,1,1,1,10,0,9,52,7,0.204899
1625,2,1,2,7,0,8,35,7,0.311299
1626,2,2,1,7,0,9,27,7,0.281099
1627,1,3,1,8,0,10,61,7,0.204899
1628,1,1,1,7,1,6,19,7,0.292799
1629,1,1,1,9,0,9,37,7,0.311299
1630,1,1,1,9,0,8,21,6,0.231599
1631,1,2,1,9,0,9,71,6,0.192599
1632,2,2,1,9,0,8,65,6,0.192599
1633,1,2,1,9,0,8,53,6,0.155399
1634,1,1,1,8,0,9,39,6,0.217199
1635,2,2,1,9,-1,6,31,6,0.333798
1636,1,1,1,8,1,5,63,8,1.693892
1637,1,2,1,9,2,8,28,8,1.895691
1638,1,1,1,8,0,8,26,8,1.895691
1639,1,1,1,10,2,6,41,8,1.695492
1640,2,3,2,8,0,5,32,8,1.895691
1641,1,3,2,9,0,9,52,8,1.628893
1642,2,2,2,8,2,8,43,8,1.899091
1643,-2,-2,3,8,0,7,40,7,0.999996
1644,2,1,1,9,0,9,41,7,1.695492
1645,2,1,1,8,0,5,49,7,1.899091
1646,2,1,2,7,0,7,29,-2,0.999996
1647,2,2,1,8,0,7,34,5,1.181895
1648,1,2,1,8,0,9,55,-2,0.999996
1649,2,2,2,9,0,5,51,1,1.258294
1650,1,2,2,8,0,9,35,1,0.784196
1651,2,2,2,8,0,10,18,-2,0.999996
1652,1,2,1,9,1,9,49,1,2.835987
1653,2,1,1,7,1,10,64,6,0.428498
1654,1,1,2,8,0,8,50,6,0.910496
1655,1,1,1,10,0,10,78,6,1.038395
1656,1,1,1,9,0,9,59,6,0.910496
1657,2,1,1,5,0,7,31,8,1.635793
1658,2,1,2,10,0,6,27,8,0.896496
1659,1,1,1,9,0,5,45,8,0.745397
1660,2,1,2,3,0,7,28,8,1.635793
1661,2,1,1,8,2,6,33,8,0.896496
1662,2,3,1,7,0,9,64,8,1.305394
1663,2,2,2,7,0,9,26,-2,0.999996
1664,2,1,1,6,0,7,51,-2,0.999996
1665,2,3,1,8,1,5,77,1,0.559897
1666,3,4,1,7,0,-1,40,1,0.784196
1667,2,3,2,9,0,4,43,1,0.784196
1668,3,4,2,2,1,5,63,-2,0.999996
1669,2,2,1,9,2,5,68,1,0.559897
1670,1,1,1,8,2,5,41,1,0.784196
1671,1,2,3,-1,0,-1,66,1,0.559897
1672,2,3,1,6,0,5,82,1,0.842796
1673,2,3,2,8,0,3,84,1,0.842796
1674,1,1,1,8,0,9,40,1,0.784196
1675,2,1,1,8,0,7,27,1,0.824496
1676,1,2,1,6,0,-1,85,1,0.559897
1677,2,3,1,-2,0,-1,78,1,0.559897
1678,2,1,1,9,0,9,58,1,2.457789
1679,2,3,2,5,0,5,41,3,0.607697
1680,1,3,1,7,0,3,77,3,0.672697
1681,2,4,1,8,0,6,49,3,0.968196
1682,1,3,1,10,0,6,52,-2,0.999996
1683,1,1,1,10,0,7,49,1,1.818692
1684,1,2,1,8,0,5,70,2,1.841692
1685,2,1,1,6,0,8,23,4,0.555398
1686,2,3,3,6,0,5,64,1,5.043678
1687,1,2,1,10,0,10,70,4,0.672697
1688,2,1,1,6,0,6,78,3,1.028695
1689,2,2,2,6,0,3,29,3,0.458198
1690,1,2,3,10,0,-2,-2,-2,0.999996
1691,1,1,1,8,0,8,32,3,1.563193
1692,2,2,1,7,0,7,38,7,0.223099
1693,1,2,2,9,0,9,18,7,0.292799
1694,1,2,1,10,0,5,62,7,0.454198
1695,2,1,2,7,0,6,40,7,0.223099
1696,2,3,2,4,0,9,36,7,0.223099
1697,2,2,1,8,0,6,44,7,0.311299
1698,2,2,2,8,0,7,34,6,0.186299
1699,2,2,1,8,2,7,54,7,0.204899
1700,1,1,1,9,0,10,36,6,0.217199
1701,1,3,2,10,0,9,78,6,0.192599
1702,2,1,1,6,0,7,58,6,0.155399
1703,1,2,1,7,0,5,57,6,0.237499
1704,1,2,1,8,0,9,57,4,0.237499
1705,1,1,1,10,0,8,32,4,0.186299
1706,1,1,1,9,0,4,43,7,0.311299
1707,2,1,2,6,0,7,42,7,0.223099
1708,2,2,2,9,0,10,25,7,0.281099
1709,2,3,1,8,0,6,64,7,0.454198
1710,2,2,2,5,0,3,57,7,0.454198
1711,2,1,2,8,0,7,57,7,0.204899
1712,1,2,1,10,0,7,36,6,0.217199
1713,1,1,1,10,0,8,58,7,0.204899
1714,2,1,-1,4,0,6,32,7,0.281099
1715,3,3,1,4,0,9,56,7,0.204899
1716,1,2,1,8,0,8,24,7,0.292799
1717,1,1,1,10,0,7,47,7,0.311299
1718,3,3,1,5,0,8,46,7,0.223099
1719,1,1,1,6,0,3,28,7,0.281099
1720,3,4,1,4,0,5,63,7,0.204899
1721,3,3,1,5,0,6,42,7,0.223099
1722,3,3,2,6,0,7,53,7,0.454198
1723,2,1,1,10,1,9,60,7,0.204899
1724,2,4,2,8,0,9,53,7,0.204899
1725,1,1,1,8,0,5,37,7,0.311299
1726,2,2,1,10,0,7,64,7,0.204899
1727,1,4,1,10,0,5,40,7,0.223099
1728,2,2,1,3,0,4,52,7,0.204899
1729,2,1,2,8,0,8,68,4,0.264599
1730,2,2,2,8,0,-1,38,4,0.339698
1731,2,2,2,7,0,7,57,-2,0.999996
1732,1,1,1,8,0,4,18,8,1.082595
1733,1,1,2,8,0,8,28,-2,0.999996
1734,1,2,2,9,0,8,72,8,2.004991
1735,1,1,1,7,0,7,17,5,0.267499
1736,1,1,1,9,1,4,57,4,0.352598
1737,1,1,1,10,0,8,62,-2,0.999996
1738,2,4,2,5,2,4,46,-2,0.999996
1739,2,3,2,7,0,6,22,-2,0.999996
1740,1,1,1,9,2,5,31,4,0.782296
1741,2,2,1,7,0,10,48,4,0.339698
1742,1,1,2,8,0,7,48,4,0.339698
1743,2,2,2,8,0,9,51,5,0.352598
1744,2,2,2,8,0,7,35,5,0.309199
1745,2,2,1,8,0,6,55,4,0.352598
1746,2,1,1,10,0,3,60,-2,0.999996
1747,2,3,2,10,0,5,43,-2,0.999996
1748,1,1,1,8,0,6,32,-2,0.999996
1749,3,2,2,7,0,7,20,-2,0.999996
1750,2,2,1,5,0,8,28,-2,0.999996
1751,2,2,1,8,0,6,64,-2,0.999996
1752,2,1,1,7,0,8,20,4,0.345998
1753,2,2,1,7,0,8,45,4,0.704697
1754,2,1,2,8,0,7,30,4,1.181895
1755,2,2,2,8,0,7,48,4,0.704697
1756,2,2,1,7,0,7,35,4,0.704697
1757,2,3,2,7,0,10,40,4,0.704697
1758,1,2,1,8,1,4,39,4,0.704697
1759,2,1,2,9,1,7,28,4,1.181895
1760,1,2,1,7,0,8,28,6,0.951096
1761,2,1,1,9,0,10,18,6,1.526593
1762,1,2,2,7,0,6,59,6,0.428498
1763,1,1,1,8,0,9,62,1,1.474093
1764,2,3,2,8,0,9,21,1,1.399694
1765,2,2,2,8,0,8,90,1,0.559897
1766,2,2,2,9,2,4,79,1,0.559897
1767,4,4,1,3,0,8,71,1,0.842796
1768,1,2,1,9,0,8,77,1,0.842796
1769,2,2,2,8,0,4,58,1,1.258294
1770,2,1,1,7,0,8,20,1,1.264294
1771,2,1,1,9,0,10,80,1,0.559897
1772,1,1,1,8,0,8,86,1,0.842796
1773,1,2,1,7,0,6,44,8,0.745397
1774,3,3,1,7,2,6,62,8,1.305394
1775,2,2,2,8,0,9,18,7,1.009195
1776,1,2,1,9,0,7,26,7,0.896496
1777,1,1,1,8,0,7,44,7,0.745397
1778,2,2,2,6,0,7,44,7,0.745397
1779,2,2,2,7,0,7,37,7,1.651593
1780,2,2,1,6,1,6,52,7,3.376685
1781,2,1,2,8,0,10,38,2,2.835987
1782,1,1,1,8,0,7,60,2,1.258294
1783,1,1,1,10,1,1,58,2,1.258294
1784,2,2,2,7,0,8,40,2,0.784196
1785,1,1,1,8,0,8,35,2,0.784196
1786,2,2,1,8,0,7,54,2,1.474093
1787,1,2,1,8,1,5,53,8,1.305394
1788,1,1,1,8,2,3,48,8,1.651593
1789,2,2,1,8,2,6,39,8,0.745397
1790,3,3,1,5,0,7,42,8,1.651593
1791,3,2,1,7,0,8,46,8,1.651593
1792,2,2,1,8,0,6,40,8,0.745397
1793,1,2,1,8,0,8,34,8,0.896496
1794,2,2,1,7,1,7,30,8,0.896496
1795,2,2,1,8,0,8,24,8,1.009195
1796,2,2,1,5,1,5,35,8,1.651593
1797,2,2,1,8,0,9,55,8,1.305394
1798,2,1,2,6,0,10,44,8,1.651593
1799,1,2,1,10,0,10,74,8,1.303994
1800,1,2,1,7,0,4,43,8,1.651593
1801,2,1,1,7,1,5,37,8,0.745397
1802,2,2,1,5,0,7,33,8,0.896496
1803,1,1,2,7,0,8,45,8,1.899091
1804,1,1,2,8,0,8,30,8,2.045991
1805,2,2,2,7,0,6,30,8,1.895691
1806,2,2,1,8,0,9,35,8,1.899091
1807,1,1,1,7,0,6,19,8,1.646893
1808,1,2,1,10,0,10,18,8,1.650493
1809,1,2,2,9,0,8,35,8,1.899091
1810,1,1,2,9,0,7,31,8,2.045991
1811,2,2,1,8,0,8,35,8,1.695492
1812,1,2,2,9,0,6,19,8,1.646893
1813,2,1,2,8,0,5,36,-2,0.999996
1814,2,2,2,10,2,7,55,8,1.693892
1815,2,2,2,7,0,8,45,6,0.704697
1816,4,2,1,3,1,9,52,6,0.910496
1817,1,3,1,5,1,7,59,6,0.428498
1818,2,2,2,8,0,7,20,6,1.465793
1819,1,2,1,8,0,6,51,6,0.428498
1820,3,4,1,4,0,5,57,6,0.428498
1821,1,3,1,7,0,9,74,8,1.621093
1822,2,2,2,6,1,8,79,7,2.004991
1823,2,2,2,8,0,4,23,7,1.650493
1824,1,1,2,10,0,8,33,7,2.045991
1825,1,2,1,9,0,8,48,5,0.217199
1826,1,2,1,10,0,7,58,5,0.155399
1827,3,4,1,3,0,8,54,6,0.155399
1828,1,3,1,7,0,5,64,6,0.155399
1829,2,3,1,6,2,5,49,7,0.311299
1830,1,3,2,9,0,9,61,5,0.155399
1831,2,1,2,8,0,8,62,8,1.693892
1832,2,3,2,3,0,7,18,8,1.646893
1833,2,2,3,6,0,8,24,8,1.650493
1834,2,2,2,7,1,5,22,8,1.646893
1835,1,1,1,10,2,6,58,8,1.693892
1836,3,1,2,7,0,10,49,8,1.899091
1837,2,2,2,7,1,5,45,7,1.899091
1838,2,1,2,5,0,6,48,7,1.695492
1839,1,2,2,10,1,6,63,7,1.628893
1840,1,2,2,8,1,5,62,7,1.693892
1841,1,1,1,9,0,5,71,7,2.004991
1842,1,1,2,9,1,9,47,7,1.695492
1843,2,2,2,8,1,8,43,8,1.695492
1844,2,1,1,8,1,4,53,-2,0.999996
1845,2,1,1,8,1,8,27,8,2.045991
1846,1,2,1,9,1,9,38,8,1.695492
1847,2,2,1,8,0,8,61,1,2.457789
1848,2,1,1,9,0,10,31,1,2.16349
1849,2,3,2,6,0,10,42,8,1.695492
1850,2,2,1,7,1,6,23,8,1.650493
1851,2,3,1,5,0,7,53,8,1.628893
1852,1,1,1,8,-2,9,41,8,1.899091
1853,2,2,2,9,0,5,19,8,1.646893
1854,1,2,2,9,0,5,44,8,1.695492
1855,1,2,1,5,0,8,73,8,1.621093
1856,2,1,1,8,0,7,31,8,1.895691
1857,1,1,1,8,0,9,39,6,0.607697
1858,1,1,1,8,1,9,45,6,0.968196
1859,1,1,1,8,1,10,26,6,0.458198
1860,2,2,1,8,0,10,59,6,0.737497
1861,1,1,1,8,1,9,51,6,0.737497
1862,1,3,1,9,0,10,80,6,0.672697
1863,3,3,3,6,0,9,70,8,2.004991
1864,1,1,1,7,1,7,55,7,1.628893
1865,1,1,1,10,0,7,76,8,2.004991
1866,2,1,1,9,2,8,-2,7,0.999996
1867,1,1,1,8,0,8,63,8,1.628893
1868,1,1,2,8,0,5,33,8,1.895691
1869,1,1,1,9,2,10,42,8,1.899091
1870,1,1,1,10,0,9,19,8,1.646893
1871,1,1,1,8,2,1,44,8,1.899091
1872,1,1,1,8,1,9,59,7,1.628893
1873,1,1,1,8,0,9,39,7,1.899091
1874,2,1,1,5,0,9,33,7,1.895691
1875,2,2,1,8,0,9,62,7,1.628893
1876,2,2,1,5,0,10,50,7,1.628893
1877,1,2,1,3,2,10,58,7,1.693892
1878,1,1,1,8,0,5,48,7,1.899091
1879,1,3,1,1,0,6,28,7,2.045991
1880,2,1,1,5,0,7,41,7,1.899091
1881,1,2,2,8,0,9,44,8,1.695492
1882,2,1,1,8,0,2,20,7,1.650493
1883,2,2,2,9,0,6,20,8,1.650493
1884,1,2,1,10,0,10,57,8,1.628893
1885,1,1,2,10,0,1,34,8,2.045991
1886,1,2,2,10,0,4,52,8,1.628893
1887,2,1,1,8,0,8,62,8,1.693892
1888,1,2,1,9,0,9,60,8,1.693892
1889,2,3,2,8,0,8,63,8,1.693892
1890,1,1,2,8,0,8,30,4,0.951096
1891,1,2,3,8,1,9,-2,-2,0.999996
1892,1,1,2,8,2,6,23,8,1.646893
1893,2,1,2,7,0,6,48,8,1.899091
1894,1,1,1,7,0,9,22,8,1.650493
1895,1,2,2,-2,0,8,43,8,1.695492
1896,2,2,1,8,0,8,35,8,1.899091
1897,1,1,1,6,1,5,39,8,1.695492
1898,1,1,1,8,0,4,42,8,1.695492
1899,2,3,1,5,0,6,21,8,1.646893
1900,2,3,2,6,0,8,24,8,1.650493
1901,1,1,1,4,2,6,26,8,1.895691
1902,1,3,1,9,0,3,46,8,1.695492
1903,2,2,2,8,0,3,17,8,1.646893
1904,3,1,1,5,0,3,55,8,1.693892
1905,2,2,3,7,0,8,77,8,1.621093
1906,2,2,2,8,0,7,49,8,1.695492
1907,2,3,1,6,1,6,34,7,2.045991
1908,1,2,1,7,2,8,29,7,1.895691
1909,2,3,1,10,0,10,76,6,0.672697
1910,1,1,1,8,0,7,28,8,2.045991
1911,3,2,2,7,0,5,90,8,2.004991
1912,1,2,1,9,0,10,79,8,1.621093
1913,1,1,1,9,0,8,52,7,1.628893
1914,1,2,2,8,0,8,59,8,1.693892
1915,2,1,1,9,0,9,73,8,1.621093
1916,2,4,2,5,0,5,25,8,2.045991
1917,2,3,2,8,1,9,27,8,1.895691
1918,2,2,1,8,0,7,-2,8,0.999996
1919,1,1,1,8,0,7,71,8,1.621093
1920,1,1,2,6,0,6,50,7,1.693892
1921,1,1,1,8,0,9,61,8,1.693892
1922,2,2,1,6,0,9,74,8,1.621093
1923,1,2,1,10,0,8,33,8,1.895691
1924,2,1,2,5,0,5,41,8,1.899091
1925,2,2,2,8,1,8,55,8,1.628893
1926,2,2,1,9,0,7,32,8,2.045991
1927,2,2,1,6,0,-1,18,6,0.267499
1928,2,4,1,5,0,8,81,8,1.554193
1929,1,1,1,10,0,4,29,7,0.800096
1930,2,1,3,8,0,5,24,-2,0.999996
1931,1,1,1,8,0,10,22,7,1.425094
1932,4,3,1,5,0,8,36,7,0.833896
1933,1,1,2,10,0,8,60,-2,0.999996
1934,1,1,2,2,0,7,41,8,0.311299
1935,1,2,1,8,0,8,17,3,0.241499
1936,2,3,1,7,0,7,79,3,0.257199
1937,1,4,1,6,0,5,77,3,0.257199
1938,1,1,2,8,0,9,73,3,0.264599
1939,2,1,1,7,0,6,63,3,0.438798
1940,2,1,1,8,-2,6,38,3,0.339698
1941,2,1,2,7,0,6,46,7,0.833896
1942,1,3,1,8,0,8,67,7,1.426194
1943,1,1,2,8,0,8,47,7,0.833896
1944,1,2,1,10,0,6,72,7,1.426194
1945,2,1,2,8,0,6,20,7,1.082595
1946,2,2,1,10,0,10,71,7,1.554193
1947,1,2,1,8,0,5,63,8,1.266694
1948,1,3,2,9,2,8,75,8,1.426194
1949,2,2,1,5,0,4,45,8,3.388785
1950,2,2,1,9,0,5,47,8,3.388785
1951,2,2,1,10,0,7,48,8,0.833896
1952,2,3,1,8,1,8,44,8,0.833896
1953,1,1,1,10,0,6,34,8,0.800096
1954,1,1,1,10,0,5,28,8,0.800096
1955,2,2,1,5,0,8,57,8,1.266694
1956,2,1,2,7,0,10,18,8,1.425094
1957,2,3,1,5,0,10,65,8,1.426194
1958,2,1,3,8,0,3,29,8,2.873487
1959,3,1,3,4,0,5,22,8,1.082595
1960,2,1,1,6,0,5,27,8,0.800096
1961,2,1,1,8,0,8,40,8,3.388785
1962,1,2,2,5,0,6,38,8,0.833896
1963,2,1,1,8,0,8,48,8,0.833896
1964,3,2,2,6,0,5,38,8,0.833896
1965,2,2,1,6,0,7,53,8,1.666693
1966,1,2,1,10,0,9,38,8,3.388785
1967,2,3,1,8,0,6,22,3,0.267499
1968,1,1,2,8,0,4,34,3,0.318699
1969,1,3,2,6,0,8,24,3,0.267499
1970,1,2,2,9,0,7,60,3,0.352598
1971,1,1,2,8,0,3,24,3,0.267499
1972,2,1,2,9,1,5,76,3,0.264599
1973,2,2,2,7,0,8,42,-2,0.999996
1974,3,4,1,6,0,5,56,-2,0.999996
1975,1,2,3,5,0,4,31,3,0.782296
1976,2,2,2,8,0,4,43,4,0.309199
1977,2,1,1,1,0,8,66,8,1.554193
1978,2,2,3,7,0,8,54,8,1.666693
1979,2,1,1,6,0,7,43,8,0.833896
1980,3,2,2,5,0,8,55,-2,0.999996
1981,2,2,2,7,0,5,79,-2,0.999996
1982,2,4,2,10,0,4,57,-2,0.999996
1983,2,2,3,8,0,3,25,-2,0.999996
1984,2,2,2,8,0,5,43,-2,0.999996
1985,2,3,3,8,0,7,75,-2,0.999996
1986,2,2,2,6,0,8,35,-2,0.999996
1987,2,3,2,6,0,5,59,4,0.352598
1988,2,2,2,8,1,6,44,4,0.309199
1989,1,1,1,10,0,8,27,4,0.318699
1990,2,1,2,8,2,7,32,4,0.782296
1991,2,1,2,3,0,3,42,4,0.309199
1992,1,1,1,6,0,8,35,4,0.309199
1993,2,2,3,7,1,8,62,4,0.352598
1994,1,1,1,10,0,8,62,7,1.266694
1995,1,2,1,7,0,10,80,3,0.257199
1996,2,2,1,8,0,6,55,8,1.266694
1997,1,1,1,9,0,9,27,8,0.800096
1998,2,4,2,2,0,-1,38,8,0.833896
1999,2,2,1,8,0,7,51,6,0.438798
2000,3,3,2,6,0,7,70,8,1.554193
2001,1,2,2,10,0,9,44,4,0.309199
2002,1,2,1,9,0,7,63,4,0.438798
2003,2,2,1,7,0,3,32,4,0.318699
2004,2,2,1,6,0,5,33,8,0.800096
2005,2,3,2,9,0,6,18,8,1.082595
2006,2,3,2,8,1,8,42,8,0.833896
2007,2,2,1,4,0,5,40,8,0.833896
2008,2,2,2,6,0,8,62,8,1.666693
2009,2,2,2,9,0,4,19,4,0.345998
2010,2,2,2,6,0,6,18,4,0.345998
2011,1,1,1,9,0,7,80,4,0.264599
2012,1,1,1,8,0,8,55,3,0.438798
2013,2,2,2,8,0,8,66,4,0.257199
2014,1,2,1,9,0,5,79,3,0.264599
2015,2,2,1,7,0,7,67,-2,0.999996
2016,1,2,1,7,0,6,66,7,1.554193
2017,2,2,2,8,0,6,35,7,0.833896
2018,2,2,3,6,0,3,62,7,1.266694
2019,2,2,2,10,0,3,46,7,0.833896
2020,1,2,1,10,0,1,46,8,0.833896
2021,1,2,1,8,1,5,48,8,0.833896
2022,1,1,2,9,0,8,56,8,1.666693
2023,2,2,1,7,0,5,75,8,1.426194
2024,2,2,1,8,0,6,42,4,0.339698
2025,1,2,2,7,0,8,68,4,0.264599
2026,2,2,1,7,0,7,22,4,0.345998
2027,2,3,2,7,0,8,73,4,0.257199
2028,4,3,2,1,0,5,55,-2,0.999996
2029,1,1,1,10,0,10,43,8,0.833896
2030,2,2,1,6,0,8,34,8,0.800096
2031,1,1,2,9,0,7,18,8,1.082595
2032,1,1,1,10,0,5,22,8,1.082595
2033,1,2,2,5,0,8,-2,8,0.999996
2034,2,3,2,6,0,6,47,8,3.388785
2035,2,1,2,7,0,5,22,8,1.082595
2036,2,3,1,7,0,8,65,8,1.554193
2037,2,1,1,8,0,8,75,8,1.554193
2038,2,3,1,4,0,7,51,8,1.666693
2039,1,1,1,9,0,9,74,8,1.554193
2040,1,3,2,10,0,4,29,8,0.800096
2041,2,2,2,5,0,9,45,8,0.833896
2042,2,2,2,6,0,4,61,5,0.438798
2043,2,2,-2,8,0,9,76,5,0.264599
2044,2,2,1,8,0,8,66,5,0.264599
2045,1,2,1,8,0,3,74,5,0.257199
2046,2,2,2,6,0,8,85,5,0.257199
2047,2,1,2,10,0,7,55,5,0.438798
2048,1,1,1,7,0,6,46,8,0.833896
2049,1,1,1,10,0,8,66,8,1.426194
2050,2,1,1,7,0,8,82,8,1.554193
2051,2,2,2,8,0,8,17,8,1.082595
2052,2,2,1,8,2,7,46,8,0.833896
2053,2,3,1,6,0,5,43,8,0.833896
2054,2,2,1,6,0,8,21,6,0.267499
2055,1,2,1,8,0,3,73,6,0.257199
2056,2,2,2,9,0,8,77,6,0.257199
2057,2,3,1,9,0,7,17,6,0.267499
2058,2,2,2,6,0,7,-2,8,0.999996
2059,2,3,1,9,0,5,82,8,1.554193
2060,1,1,2,10,0,2,62,8,1.266694
2061,1,1,1,8,0,5,27,4,0.318699
2062,2,1,3,6,0,-1,43,8,0.833896
2063,2,2,2,8,0,6,42,4,0.309199
2064,1,2,1,10,0,7,51,8,1.666693
2065,1,2,1,9,0,7,24,8,1.082595
2066,2,1,1,8,0,5,39,8,0.833896
2067,2,1,3,8,0,7,48,5,0.339698
2068,2,2,2,6,0,3,35,2,2.996487
2069,1,3,2,10,0,5,54,2,3.030087
2070,1,1,2,8,0,5,32,8,2.873487
2071,2,2,1,7,0,6,30,8,0.800096
2072,2,2,1,6,0,6,49,8,0.833896
2073,2,2,1,8,0,7,26,8,2.873487
2074,2,1,1,8,1,7,32,8,0.800096
2075,1,1,2,9,0,5,63,8,1.666693
2076,1,2,2,10,2,7,63,6,0.438798
2077,2,2,2,7,0,7,54,6,0.438798
2078,1,3,2,10,0,6,87,6,0.257199
2079,2,3,2,7,0,6,77,6,0.264599
2080,3,3,2,4,0,7,71,6,0.264599
2081,1,1,2,10,0,4,18,6,0.267499
2082,1,1,1,8,2,6,27,4,0.318699
2083,2,2,2,6,0,2,17,6,0.345998
2084,2,3,1,7,0,5,74,6,0.264599
2085,2,2,1,8,0,5,74,6,0.257199
2086,1,1,1,8,0,7,47,8,3.388785
2087,1,2,1,8,0,7,26,8,0.800096
2088,1,1,1,10,0,5,-2,8,0.999996
2089,2,1,1,10,1,8,31,4,0.318699
2090,1,2,1,10,0,8,64,4,0.352598
2091,2,3,2,6,0,3,80,4,0.264599
2092,1,1,1,8,0,8,22,4,0.345998
2093,1,1,3,10,0,7,47,4,0.309199
2094,1,1,1,10,0,8,27,4,0.318699
2095,2,2,1,8,0,5,42,4,0.309199
2096,2,2,1,5,0,5,18,4,0.267499
2097,1,2,1,7,2,7,20,4,0.267499
2098,2,2,3,6,0,6,60,4,0.352598
2099,2,1,3,9,0,6,64,6,0.352598
2100,1,2,2,7,0,6,38,4,0.309199
2101,2,1,2,7,0,8,23,7,1.425094
2102,2,2,2,7,0,6,38,5,0.309199
2103,1,2,1,10,0,7,42,7,0.833896
2104,1,1,1,8,0,6,54,5,0.438798
2105,1,1,2,10,0,6,39,4,0.309199
2106,1,1,1,10,0,7,68,-2,0.999996
2107,1,3,1,9,0,8,89,-2,0.999996
2108,2,2,1,9,0,10,22,3,0.267499
2109,2,1,1,10,0,6,42,3,0.309199
2110,2,3,1,7,0,9,51,3,0.438798
2111,1,1,1,9,0,8,45,7,0.311299
2112,2,2,1,8,0,8,66,3,0.257199
2113,1,3,2,9,0,10,75,3,0.257199
2114,1,3,3,8,0,9,52,7,1.666693
2115,2,1,1,8,0,6,57,6,0.352598
2116,1,2,1,10,1,5,48,4,0.309199
2117,1,1,1,10,2,6,51,7,1.666693
2118,1,1,1,10,0,10,60,7,1.266694
2119,2,1,1,8,0,6,54,7,1.266694
2120,2,2,1,8,0,7,36,6,0.339698
2121,1,2,2,8,0,5,65,4,0.264599
2122,1,1,1,10,0,10,73,7,1.426194
2123,1,1,2,5,0,2,43,2,2.995487
2124,1,1,1,9,0,8,25,2,1.399794
2125,2,1,1,6,0,6,29,1,1.399794
2126,1,3,2,7,0,8,46,2,2.996487
2127,2,3,2,8,1,7,44,4,0.339698
2128,1,1,1,9,0,8,39,1,2.995487
2129,2,2,1,7,0,6,18,2,1.836892
2130,1,1,1,9,0,5,29,1,1.399794
2131,2,1,1,10,0,6,55,7,1.693892
2132,2,1,1,7,0,4,67,4,0.264599
2133,1,2,2,8,0,6,46,8,0.833896
2134,1,2,2,8,0,5,50,5,0.438798
2135,2,1,1,7,0,10,19,4,0.345998
2136,1,1,1,8,0,7,81,8,1.554193
2137,1,4,1,8,0,2,70,8,1.554193
2138,2,3,2,2,0,9,48,3,0.339698
2139,2,-2,1,8,0,10,27,3,0.782296
2140,2,2,3,8,0,9,71,3,0.257199
2141,1,1,1,8,0,7,27,-2,0.999996
2142,1,2,2,7,0,-1,78,-2,0.999996
2143,1,2,1,8,0,3,63,5,0.352598
2144,1,3,1,8,0,8,63,-2,0.999996
2145,2,4,1,7,-2,6,42,-2,0.999996
2146,1,1,1,-2,1,7,58,-2,0.999996
2147,1,1,2,8,0,8,57,6,0.352598
2148,2,2,2,6,0,3,40,8,3.388785
2149,1,2,1,8,0,9,65,5,0.264599
2150,1,1,1,9,0,4,55,7,1.266694
2151,2,2,2,7,0,4,71,7,1.426194
2152,1,3,2,7,0,6,73,7,1.426194
2153,2,2,2,8,0,7,31,5,1.314894
2154,1,2,2,8,0,9,52,8,1.266694
2155,2,1,1,8,0,5,26,8,0.800096
2156,2,1,2,9,0,9,25,8,0.800096
2157,2,2,2,7,0,9,84,8,1.426194
2158,2,2,1,9,0,8,49,6,0.339698
2159,1,2,1,8,1,6,36,6,0.339698
2160,2,1,2,8,0,7,27,6,0.318699
2161,2,1,1,9,0,9,72,5,0.257199
2162,2,2,2,8,0,7,35,5,0.309199
2163,2,1,1,7,0,10,21,7,0.779597
2164,1,1,1,8,0,10,54,2,0.225799